-- MySQL dump 10.13  Distrib 9.0.1, for Linux (x86_64)
--
-- Host: localhost    Database: db_fundacion_final
-- ------------------------------------------------------
-- Server version	9.0.1

/*!40101 SET @OLD_CHARACTER_SET_CLIENT=@@CHARACTER_SET_CLIENT */;
/*!40101 SET @OLD_CHARACTER_SET_RESULTS=@@CHARACTER_SET_RESULTS */;
/*!40101 SET @OLD_COLLATION_CONNECTION=@@COLLATION_CONNECTION */;
/*!50503 SET NAMES utf8mb4 */;
/*!40103 SET @OLD_TIME_ZONE=@@TIME_ZONE */;
/*!40103 SET TIME_ZONE='+00:00' */;
/*!40014 SET @OLD_UNIQUE_CHECKS=@@UNIQUE_CHECKS, UNIQUE_CHECKS=0 */;
/*!40014 SET @OLD_FOREIGN_KEY_CHECKS=@@FOREIGN_KEY_CHECKS, FOREIGN_KEY_CHECKS=0 */;
/*!40101 SET @OLD_SQL_MODE=@@SQL_MODE, SQL_MODE='NO_AUTO_VALUE_ON_ZERO' */;
/*!40111 SET @OLD_SQL_NOTES=@@SQL_NOTES, SQL_NOTES=0 */;

--
-- Table structure for table `categoria_proveedores`
--

DROP TABLE IF EXISTS `categoria_proveedores`;
/*!40101 SET @saved_cs_client     = @@character_set_client */;
/*!50503 SET character_set_client = utf8mb4 */;
CREATE TABLE `categoria_proveedores` (
  `id_categoria` int NOT NULL AUTO_INCREMENT,
  `categoria` varchar(100) NOT NULL,
  PRIMARY KEY (`id_categoria`),
  UNIQUE KEY `categoria` (`categoria`)
) ENGINE=InnoDB AUTO_INCREMENT=14 DEFAULT CHARSET=utf8mb4 COLLATE=utf8mb4_0900_ai_ci;
/*!40101 SET character_set_client = @saved_cs_client */;

--
-- Dumping data for table `categoria_proveedores`
--

LOCK TABLES `categoria_proveedores` WRITE;
/*!40000 ALTER TABLE `categoria_proveedores` DISABLE KEYS */;
INSERT INTO `categoria_proveedores` VALUES (3,'Agente impositivo'),(9,'Agroindustria'),(8,'Construcción'),(5,'Consultoría'),(11,'Consultoría it'),(12,'Energía eólica'),(6,'Energía renovable'),(13,'Energía solar'),(2,'Materiales'),(1,'Servicios'),(10,'Software'),(4,'Tecnología'),(7,'Transporte');
/*!40000 ALTER TABLE `categoria_proveedores` ENABLE KEYS */;
UNLOCK TABLES;

--
-- Table structure for table `ciudades`
--

DROP TABLE IF EXISTS `ciudades`;
/*!40101 SET @saved_cs_client     = @@character_set_client */;
/*!50503 SET character_set_client = utf8mb4 */;
CREATE TABLE `ciudades` (
  `id_ciudad` int NOT NULL AUTO_INCREMENT,
  `ciudad` varchar(255) NOT NULL,
  PRIMARY KEY (`id_ciudad`),
  UNIQUE KEY `ciudad` (`ciudad`)
) ENGINE=InnoDB AUTO_INCREMENT=43 DEFAULT CHARSET=utf8mb4 COLLATE=utf8mb4_0900_ai_ci;
/*!40101 SET character_set_client = @saved_cs_client */;

--
-- Dumping data for table `ciudades`
--

LOCK TABLES `ciudades` WRITE;
/*!40000 ALTER TABLE `ciudades` DISABLE KEYS */;
INSERT INTO `ciudades` VALUES (14,'Bahía Blanca'),(1,'Buenos Aires'),(31,'Calafate'),(20,'Chaco'),(2,'Cordoba'),(42,'Formosa'),(37,'General Roca'),(32,'Gualeguaychú'),(23,'Jujuy'),(38,'Junín'),(7,'La Plata'),(22,'Luján'),(6,'Mar del Plata'),(4,'Mendoza'),(26,'Merlo'),(11,'Neuquén'),(30,'Oberá'),(40,'Posadas'),(39,'Rafaela'),(29,'Rawson'),(41,'Resistencia'),(16,'Río Cuarto'),(12,'Rio Gallegos'),(33,'Río Grande'),(3,'Rosario'),(8,'Salta'),(25,'San Fernando'),(17,'San Fernando del Valle de Catamarca'),(10,'San Juan'),(19,'San Luis'),(27,'San Martín'),(5,'San Miguel de Tucumán'),(21,'San Nicolás'),(36,'San Pedro'),(13,'San Rafael'),(9,'Santa Fe'),(15,'Santiago del Estero'),(24,'Trelew'),(28,'Viedma'),(35,'Villa Allende'),(34,'Villa Carlos Paz'),(18,'Villa María');
/*!40000 ALTER TABLE `ciudades` ENABLE KEYS */;
UNLOCK TABLES;

--
-- Table structure for table `cuentas`
--

DROP TABLE IF EXISTS `cuentas`;
/*!40101 SET @saved_cs_client     = @@character_set_client */;
/*!50503 SET character_set_client = utf8mb4 */;
CREATE TABLE `cuentas` (
  `id_cuenta` int NOT NULL AUTO_INCREMENT,
  `nro_cuenta` int NOT NULL,
  PRIMARY KEY (`id_cuenta`),
  UNIQUE KEY `nro_cuenta` (`nro_cuenta`)
) ENGINE=InnoDB AUTO_INCREMENT=16 DEFAULT CHARSET=utf8mb4 COLLATE=utf8mb4_0900_ai_ci;
/*!40101 SET character_set_client = @saved_cs_client */;

--
-- Dumping data for table `cuentas`
--

LOCK TABLES `cuentas` WRITE;
/*!40000 ALTER TABLE `cuentas` DISABLE KEYS */;
INSERT INTO `cuentas` VALUES (9,402101),(11,402102),(10,403101),(13,403103),(14,404100),(15,405100),(12,409021),(1,501400),(7,502100),(2,503100),(3,506100),(8,507100),(4,509100),(6,514100),(5,516000);
/*!40000 ALTER TABLE `cuentas` ENABLE KEYS */;
UNLOCK TABLES;

--
-- Table structure for table `donantes`
--

DROP TABLE IF EXISTS `donantes`;
/*!40101 SET @saved_cs_client     = @@character_set_client */;
/*!50503 SET character_set_client = utf8mb4 */;
CREATE TABLE `donantes` (
  `id` int NOT NULL AUTO_INCREMENT,
  `numero` varchar(100) NOT NULL,
  `nombre` varchar(100) NOT NULL,
  `cuit` varchar(100) NOT NULL,
  `contacto` varchar(100) DEFAULT NULL,
  `mail` varchar(255) DEFAULT NULL,
  `telefono` varchar(50) DEFAULT NULL,
  `activo` tinyint(1) NOT NULL,
  `id_frecuencia` int NOT NULL,
  `id_contribuyente` int NOT NULL,
  `id_tipo` int NOT NULL,
  `id_razon` int NOT NULL,
  `id_pais` int NOT NULL,
  PRIMARY KEY (`id`),
  UNIQUE KEY `numero` (`numero`),
  UNIQUE KEY `cuit` (`cuit`),
  UNIQUE KEY `mail` (`mail`),
  KEY `fk_donante_frecuencia` (`id_frecuencia`),
  KEY `fk_donante_contribuyente` (`id_contribuyente`),
  KEY `fk_donante_tipo` (`id_tipo`),
  KEY `fk_donante_razon` (`id_razon`),
  KEY `fk_donante_pais` (`id_pais`),
  CONSTRAINT `fk_donante_contribuyente` FOREIGN KEY (`id_contribuyente`) REFERENCES `tipo_contribuyentes` (`id_contribuyente`),
  CONSTRAINT `fk_donante_frecuencia` FOREIGN KEY (`id_frecuencia`) REFERENCES `frecuencias` (`id_frecuencia`),
  CONSTRAINT `fk_donante_pais` FOREIGN KEY (`id_pais`) REFERENCES `paises` (`id_pais`),
  CONSTRAINT `fk_donante_razon` FOREIGN KEY (`id_razon`) REFERENCES `razones_sociales` (`id_razon`),
  CONSTRAINT `fk_donante_tipo` FOREIGN KEY (`id_tipo`) REFERENCES `tipo_donantes` (`id_tipo`)
) ENGINE=InnoDB AUTO_INCREMENT=139 DEFAULT CHARSET=utf8mb4 COLLATE=utf8mb4_0900_ai_ci;
/*!40101 SET character_set_client = @saved_cs_client */;

--
-- Dumping data for table `donantes`
--

LOCK TABLES `donantes` WRITE;
/*!40000 ALTER TABLE `donantes` DISABLE KEYS */;
INSERT INTO `donantes` VALUES (1,'D00001','TechNova Solutions','20-12345678-9','Contacto A','TechNova Solutions@example.com','(011) 5000-0001',0,1,1,1,2,1),(2,'D00002','EnergiaPlus S.A.','21-23456789-0','Contacto B','EnergiaPlus S.A.@example.com','(011) 5000-0002',0,2,2,1,1,2),(3,'D00003','Grupo Delta','22-34567890-1','Contacto C','Grupo Delta@example.com','(011) 5000-0003',1,3,1,1,2,2),(4,'D00004','Inova Global','23-45678901-2','Contacto D','Inova Global@example','(011) 5000-0004',0,1,2,1,2,3),(5,'D00005','Vanguardia Consultora','24-56789012-3','Contacto E','Vanguardia Consultora@example.com','(011) 5000-0005',1,2,1,1,2,4),(6,'D00006','EcoTech Argentina','25-67890123-4','Contacto F','EcoTech Argentina@example.com','(011) 5000-0006',0,3,2,1,2,2),(7,'D00007','NexGen Industries','26-78901234-5','Contacto G','NexGen Industries@example.com','(011) 5000-0007',1,1,1,1,2,5),(8,'D00008','RedHorizonte','27-89012345-6','Contacto H','RedHorizonte@example.com','(011) 5000-0008',1,2,2,1,2,3),(9,'D00009','Optima Logística','28-90123456-7','Contacto I','Optima Logística@example.com','(011) 5000-0009',1,3,1,1,2,6),(10,'D00010','Punto Verde','29-01234567-8','Contacto J','Punto Verde@example.com','(011) 5000-0010',1,1,2,1,2,2),(11,'D00011','Zenith Digital','20-12345679-0','Contacto K','Zenith Digital@example.com','(011) 5000-0011',0,2,1,1,2,7),(12,'D00012','CreaTech S.R.L.','21-23456780-1','Contacto L','CreaTech S.R.L.@example.com','(011) 5000-0012',1,3,2,1,2,4),(13,'D00013','Alfa Innovaciones','22-34567891-2','Contacto M','Alfa Innovaciones@example.com','(011) 5000-0013',0,1,1,1,2,4),(14,'D00014','ServiNet','23-45678902-3','Contacto N','ServiNet@example.com','(011) 5000-0014',1,2,2,1,1,6),(15,'D00015','AeroPlus','24-56789013-4','Contacto O','AeroPlus@example','(011) 5000-0015',0,3,1,1,1,1),(16,'D00016','MaxiData','25-67890124-5','Contacto P','MaxiData@example.com','(011) 5000-0016',1,1,2,1,1,1),(17,'D00017','EcoAventura','26-78901235-6','Contacto Q','EcoAventura@example.com','(011) 5000-0017',0,2,1,1,1,6),(18,'D00018','Sigma Consulting','27-89012346-7','Contacto R','Sigma Consulting@example.com','(011) 5000-0018',1,3,2,1,1,2),(19,'D00019','Soluciones Avanzadas','28-90123457-8','Contacto S','Soluciones Avanzadas@example.com','(011) 5000-0019',0,1,1,1,1,6),(20,'D00020','RedSol Argentina','29-01234568-9','Contacto T','RedSol Argentina@example.com','(011) 5000-0020',0,2,2,1,1,4),(21,'D00021','Grupo Synthesis','20-12345680-1','Contacto U','Grupo Synthesis@example.com','(011) 5000-0021',1,3,1,1,1,3),(22,'D00022','DeltaElectro','21-23456781-2','Contacto V','DeltaElectro@example.com','(011) 5000-0022',0,1,2,1,1,2),(23,'D00023','SmartTech Argentina','22-34567892-3','Contacto W','SmartTech Argentina@example.com','(011) 5000-0023',1,2,1,1,1,4),(24,'D00024','NovaVisión','23-45678903-4','Contacto X','NovaVisión@example.com','(011) 5000-0024',1,3,2,1,1,1),(25,'D00025','InfoMática S.A.','24-56789014-5','Contacto Y','InfoMática S.A.@example.com','(011) 5000-0025',1,1,1,1,1,1),(26,'D00026','Energía VIVA','25-67890125-6','Contacto Z','Energía VIVA@example','(011) 5000-0026',1,2,2,1,1,3),(27,'D00027','TransWorld','26-78901236-7','Contacto AA','TransWorld@example.com','(011) 5000-0027',1,3,1,1,1,4),(28,'D00028','Soluciones Urbanas','27-89012347-8','Contacto BB','Soluciones Urbanas@example.com','(011) 5000-0028',0,1,2,1,2,7),(29,'D00029','GlobalNet','28-90123458-9','Contacto CC','GlobalNet@example.com','(011) 5000-0029',1,2,1,1,2,8),(30,'D00030','FuturoTech','29-01234569-0','Contacto DD','FuturoTech@example.com','(011) 5000-0030',0,3,2,1,2,4),(31,'D00031','InnovarX','20-12345681-3','Contacto EE','InnovarX@example.com','(011) 5000-0031',1,1,1,1,2,4),(32,'D00032','Cobra Solutions','21-23456782-4','Contacto FF','Cobra Solutions@example.com','(011) 5000-0032',1,2,2,1,2,8),(33,'D00033','Metrópolis S.A.','22-34567893-5','Contacto GG','Metrópolis S.A.@example.com','(011) 5000-0033',1,3,1,1,1,3),(34,'D00034','Vortex Energía','23-45678904-6','Contacto HH','Vortex Energía@example.com','(011) 5000-0034',1,1,2,1,2,8),(35,'D00035','EcoVisión','24-56789015-7','Contacto II','EcoVisión@example.com','(011) 5000-0035',0,2,1,1,2,7),(36,'D00036','NexuTech','25-67890126-8','Contacto JJ','NexuTech@example.com','(011) 5000-0036',1,3,2,1,2,3),(37,'D00037','AlphaSystems','26-78901237-9','Contacto KK','AlphaSystems@example.com','(011) 5000-0037',0,1,1,1,2,7),(38,'D00038','MetroLogística','27-89012348-0','Contacto LL','MetroLogística@example.com','(011) 5000-0038',1,2,2,1,2,8),(39,'D00039','Quantum Ventures','28-90123459-1','Contacto MM','Quantum Ventures@example.com','(011) 5000-0039',1,3,1,1,2,7),(40,'D00040','Orion Innovaciones','29-01234570-2','Contacto NN','Orion Innovaciones@example.com','(011) 5000-0040',1,1,2,1,2,6),(41,'D00041','Jaan Pérez','20-12345682-4','Contacto OO','Jaan Pérez@example.com','(011) 5000-0041',0,2,2,2,7,1),(42,'D00042','Ana López','21-23456783-5','Contacto PP','Ana López@example.com','(011) 5000-0042',1,3,5,2,7,4),(43,'D00043','Jorge Rodríguez','22-34567894-6','Contacto QQ','Jorge Rodríguez@example','(011) 5000-0043',1,1,1,2,1,2),(44,'D00044','Sofía Díaz','23-45678905-7','Contacto RR','Sofía Díaz@example.com','(011) 5000-0044',1,2,2,2,7,9),(45,'D00045','alejandro Torres','24-56789016-8','Contacto SS','alejandro Torres@example.com','(011) 5000-0045',1,3,5,2,7,2),(46,'D00046','Gabriela Ortiz','25-67890127-9','Contacto TT','Gabriela Ortiz@example.com','(011) 5000-0046',0,1,1,2,1,8),(47,'D00047','Sergio Rivas','26-78901238-0','Contacto UU','Sergio Rivas@example.com','(011) 5000-0047',1,2,2,2,1,3),(48,'D00048','Patricia Navarro','27-89012349-1','Contacto VV','Patricia Navarro@example.com','(011) 5000-0048',1,3,5,2,7,4),(49,'D00049','Fernando Aguilar','28-90123450-2','Contacto WW','Fernando Aguilar@example.com','(011) 5000-0049',1,1,1,2,1,6),(50,'D00050','Isabel Ríos','29-01234571-3','Contacto XX','Isabel Ríos@example.com','(011) 5000-0050',0,2,2,2,7,2),(51,'D00051','Rafael Silva','20-12345683-6','Contacto YY','Rafael Silva@example.com','(011) 5000-0051',1,3,5,2,8,1),(52,'D00052','Mónica León','21-23456784-7','Contacto ZZ','Mónica León@example.com','(011) 5000-0052',0,1,1,2,2,6),(53,'D00053','Héctor Salazar','22-34567895-8','Contacto AAA','Héctor Salazar@example.com','(011) 5000-0053',1,2,2,2,7,8),(54,'D00054','Carolina Mendoza','23-45678906-9','Contacto BBB','Carolina Mendoza@example.com','(011) 5000-0054',1,3,5,2,2,4),(55,'D00055','Víctor Gil','24-56789017-0','Contacto CCC','Víctor Gil@example.com','(011) 5000-0055',1,1,1,2,8,4),(56,'D00056','Claudia Ponce','25-67890128-1','Contacto DDD','Claudia Ponce@example.com','(011) 5000-0056',1,2,2,2,7,6),(57,'D00057','Mario Espinoza','26-78901229-2','Contacto EEE','Mario Espinoza@example.com','(011) 5000-0057',0,3,5,2,2,2),(58,'D00058','Rosa Cárdenas','27-89012330-3','Contacto FFF','Rosa Cárdenas@example.com','(011) 5000-0058',0,1,1,2,8,3),(59,'D00059','Adolfo Cabrera','28-90123461-4','Contacto GGG','Adolfo Cabrera@example.com','(011) 5000-0059',1,2,2,2,1,7),(60,'D00060','Susana Muñoz','29-01234572-5','Contacto HHH','Susana Muñoz@example.com','(011) 5000-0060',1,3,5,2,9,10),(61,'D00061','Felipe Rojas','20-12345684-7','Contacto III','Felipe Rojas@example.com','(011) 5000-0061',0,1,1,2,9,4),(62,'D00062','Olga Vargas','21-23456785-8','Contacto JJJ','Olga Vargas@example.com','(011) 5000-0062',1,2,2,2,1,2),(63,'D00063','Esteban Rosales','22-34567896-9','Contacto KKK','Esteban Rosales@example.com','(011) 5000-0063',0,3,5,2,8,3),(64,'D00064','Emma Paredes','23-45678907-0','Contacto LLL','Emma Paredes@example.com','(011) 5000-0064',1,1,1,2,2,3),(65,'D00065','Joaquín Serrano','24-56789018-1','Contacto MMM','Joaquín Serrano@example.com','(011) 5000-0065',1,2,2,2,1,4),(66,'D00066','Laura Márquez','25-67890129-2','Contacto NNN','Laura Márquez@example.com','(011) 5000-0066',0,3,5,2,8,4),(67,'D00067','Damián Molina','26-78901230-3','Contacto OOO','Damián Molina@example.com','(011) 5000-0067',1,1,1,2,7,2),(68,'D00068','Viviana Herrera','27-89012331-4','Contacto PPP','Viviana Herrera@example.com','(011) 5000-0068',0,2,2,2,7,1),(69,'D00069','Agustín Martínez','28-90123462-5','Contacto QQQ','Agustín Martínez@example','(011) 5000-0069',0,3,5,2,9,1),(70,'D00070','Clara Torres','29-01234573-6','Contacto RRR','Clara Torres@example.com','(011) 5000-0070',1,1,1,2,9,8),(71,'D00071','Ezequiel Delgado','20-12345685-8','Contacto SSS','Ezequiel Delgado@example.com','(011) 5000-0071',1,2,2,2,7,1),(72,'D00072','Pilar Ortiz','21-23456786-9','Contacto TTT','Pilar Ortiz@example.com','(011) 5000-0072',1,3,5,2,9,3),(73,'D00073','Luciano Rivas','22-34567897-0','Contacto UUU','Luciano Rivas@example.com','(011) 5000-0073',1,1,1,2,1,4),(74,'D00074','Mía Morales','23-45678908-1','Contacto VVV','Mía Morales@example.com','(011) 5000-0074',0,2,2,2,9,4),(75,'D00075','Carlos Gómez','24-56789019-2','Contacto WWW','Carlos Gómez@example.com','(011) 5000-0075',0,3,5,2,2,6),(76,'D00076','Mariana Fernández','25-67890130-3','Contacto XXX','Mariana Fernández@example.com','(011) 5000-0076',1,1,1,2,7,1),(77,'D00077','Luis Martínez','26-78901231-4','Contacto YYY','Luis Martínez@example','(011) 5000-0077',1,2,2,2,7,4),(78,'D00078','Julia González','27-89012332-5','Contacto ZZZ','Julia González@example.com','(011) 5000-0078',0,3,5,2,1,3),(79,'D00079','Ricardo López','28-90123463-6','Contacto AAAA','Ricardo López@example.com','(011) 5000-0079',0,1,1,2,7,4),(80,'D00080','Silvia Ramírez','29-01234574-7','Contacto BBBB','Silvia Ramírez@example.com','(011) 5000-0080',1,2,2,2,2,2),(81,'D00081','Martín Vargas','20-12345686-0','Contacto CCCC','Martín Vargas@example.com','(011) 5000-0081',0,3,5,2,7,8),(82,'D00082','Natalia Castro','21-23456787-1','Contacto DDDD','Natalia Castro@example.com','(011) 5000-0082',1,1,1,2,1,2),(83,'D00083','alejandra Peña','22-34567898-2','Contacto EEEE','alejandra Peña@example','(011) 5000-0083',0,2,2,2,7,6),(84,'D00084','Santiago López','23-45678909-3','Contacto FFFF','Santiago López@example.com','(011) 5000-0084',1,3,5,2,2,1),(85,'D00085','Verónica Ruiz','24-56789020-4','Contacto GGGG','Verónica Ruiz@example.com','(011) 5000-0085',0,1,1,2,1,3),(86,'D00086','Andrés Silva','25-67890131-5','Contacto HHHH','Andrés Silva@example.com','(011) 5000-0086',1,2,2,2,1,2),(87,'D00087','Patricia Gómez','26-78901232-6','Contacto IIII','Patricia Gómez@example.com','(011) 5000-0087',0,3,5,2,7,4),(88,'D00088','Javier Morales','27-89012333-7','Contacto JJJJ','Javier Morales@example.com','(011) 5000-0088',1,1,1,2,1,1),(89,'D00089','Liliana Romero','28-90123464-8','Contacto KKKK','Liliana Romero@example.com','(011) 5000-0089',1,2,2,2,2,4),(90,'D00090','Maximiliano Álvarez','29-01234575-9','Contacto LLLL','Maximiliano Álvarez@example.com','(011) 5000-0090',1,3,5,2,1,6),(91,'D00091','Elena Bravo','20-12345687-0','Contacto MMMM','Elena Bravo@example.com','(011) 5000-0091',1,1,1,2,2,1),(92,'D00092','Hugo Fernández','21-23456788-1','Contacto NNNN','Hugo Fernández@example.com','(011) 5000-0092',0,2,2,2,1,2),(93,'D00093','Diana Morales','22-34567889-2','Contacto OOOO','Diana Morales@example.com','(011) 5000-0093',0,3,5,2,7,1),(94,'D00094','Rodrigo Medina','23-45678990-3','Contacto PPPP','Rodrigo Medina@example.com','(011) 5000-0094',1,1,1,2,9,2),(95,'D00095','Margarita Jiménez','24-56789001-4','Contacto QQQQ','Margarita Jiménez@example','(011) 5000-0095',0,2,2,2,1,6),(96,'D00096','Emilio Soto','25-67890122-5','Contacto RRRR','Emilio Soto@example.com','(011) 5000-0096',1,3,5,2,1,2),(97,'D00097','Rocío Cabrera','26-78901233-6','Contacto SSSS','Rocío Cabrera@example.com','(011) 5000-0097',1,1,1,2,1,4),(98,'D00098','Pablo Fernández','27-89012344-7','Contacto TTTT','Pablo Fernández@example.com','(011) 5000-0098',1,2,2,2,1,8),(99,'D00099','Belén Gómez','28-90123455-8','Contacto UUUU','Belén Gómez@example.com','(011) 5000-0099',0,3,5,2,1,4),(100,'D00100','Roberto Morales','29-01234576-9','Contacto VVVV','Roberto Morales@example.com','(011) 5000-0100',0,1,1,2,1,4),(101,'D00101','Donaciones Co.','29-01234576-10','Contacto VVVV','Donaciones Co.@example.com','(011) 5000-0101',1,3,1,1,2,4),(102,'D00102','Ayuda Empresarial S.A.','29-01234576-11','Contacto VVVV','Ayuda Empresarial S.A.@example.com','(011) 5000-0102',1,3,1,1,1,4),(103,'D00103','Donativos y Más S.R.L.','29-01234576-12','Contacto VVVV','Donativos y Más S.R.L.@example.com','(011) 5000-0103',1,2,1,1,2,2),(104,'D00104','Apoyo Corporativo S.A.','29-01234576-13','Contacto VVVV','Apoyo Corporativo S.A.@example.com','(011) 5000-0104',1,2,1,1,1,6),(105,'D00105','Fundación Empresarial','29-01234576-14','Contacto VVVV','Fundación Empresarial@example.com','(011) 5000-0105',1,2,1,1,1,3),(106,'D00122','El Parque SRL','24-78912356-7','Contacto ASD','parque@mail.com','(+)591 5550-9224',1,4,1,1,2,7),(107,'D00121','Ministerio de Acción Comunitaria','34-01712356-6','Contacto ZVS','accióncomunitaria@mail.com','(+)56 5550-9223',1,3,5,3,9,1),(108,'D00116','Universidad del Sur','29-38793456-3','Contacto V','universidadds@mail.com','(+)51 5550-9220',1,3,1,1,1,10),(109,'D00109','Innovatech Solutions','24-56588769-6','Contacto B','innovatechsolutions@mail.com','(+)54 5263-2378',1,2,5,3,1,3),(110,'D00112','Global Energies S.A.','25-36901514-8','Contacto A','globalenergiess.a.@example.net','(+)598 5503-7127',1,3,1,3,1,2),(111,'D00111','Futuro Corporativo','27-23783266-6','Contacto E','futurocorporativo@mail.com','(+)595 5380-3426',1,1,2,1,7,6),(112,'D00135','Logística Global S.R.L.','20-98765432-1','Contacto ALG','global@logisticaglobal.com','(+)56 9 7654 3210',1,2,2,4,2,1),(113,'D00117','Automoviles Full','21-38712356-4','Contacto VS','afull@mail.com','(+)598 5550-9221',0,1,1,1,1,2),(114,'D00110','Apoyo Logistico S.A.','29-01265476-14','Contacto GH','apoyologisticosa@mail.com','(595) 5030-0105',0,5,1,1,1,6),(115,'D00115','Mercado Popular','24-34193456-2','Contacto VDS','mercadopopular@example.com','(+)55 5550-9219',1,2,2,4,7,4),(116,'D00141','Apoyo Social Universal','30-33675566-8','Contacto AK','apoyosocialuniversal@example.com','(+)54 9 11 8765 5588',0,5,5,3,9,3),(117,'D00123','Merendero Solidario','24-72582356-8','Contacto AK','solidario@mail.com','(+)591 5550-9225',1,1,2,5,9,7),(118,'D00132','VíaVerde','27-78434109-9','Contacto RCO','eco@viaverde.com','(+)56 9 8765 4321',0,1,1,4,2,1),(119,'D00114','Latinoamerica Crece','27-75193456-1','Contacto ESD','latinoamerica_crece@example.com','(+)598 5550-9219',0,1,5,3,9,2),(120,'D00113','Proyecto Gubernamental','29-75196406-1','Contacto E','proyectogubernamental@mail.com','(+)598 5550-9219',1,1,5,3,9,2),(121,'D00133','Energía Futuro S.A.','30-67891234-7','Contacto AEF','maria.lopez@energiasfuturo.com','(+)55 21 9876 5432',0,1,1,1,1,4),(122,'D00140','EcoTransporte S.A.','30-33445566-7','Contacto AET','fernando.lopez@ecotransporte.com','(+)54 9 11 8765 4321',0,4,5,3,1,3),(123,'D00137','TecnoAvanzado S.R.L.','20-22334455-6','Contacto ATS','roberto.sanchez@tecnoavanzado.com','(+)54 9 11 6543 2109',1,1,2,6,2,3),(124,'D00108','Iniciativa Solidaria','24-91224120-6','Contacto C','iniciativasolidaria@mail.com','(+)55 5747-7433',0,2,2,1,7,4),(125,'D00129','Corporación NovaTech','30-98765432-1','Contacto ATEC','gerencia@novatech.com','(+)57 300 123 4567',1,1,1,1,1,8),(126,'D00131','InnovaLogix S.A.','27-65432109-8','Contacto IT','carla.fernandez@innovalogix.com','(+)55 301 234 5678',1,2,5,4,1,4),(127,'D00134','Energía Sustentable S.A.','33-12345678-9','Contacto AES','maria.lopez@energiasustentable.com','(+)55 21 9876 5432',0,1,1,4,1,4),(128,'D00130','Servicios Plus','30-45765232-2','Contacto AT','luis.gonzalez@ecoplus.com','(+)57 301 234 5678',1,1,1,1,7,8),(129,'D00120','Supermercado Vegano SRL','34-01712356-5','Contacto VG','supermercadovegano@mail.com','(+)58 5550-9222',1,2,1,1,7,9),(130,'D00136','AgroIndustrias del Sur','33-11223344-5','Contacto AAS','laura.garcia@agroindustrias.com','(+)57 300 876 5432',1,1,1,7,1,8),(131,'D00142','Bebidas S.A','34-38765566-0','Contacto GHY','bebidassa@mail.com','(+)52 55 1234 4324',0,1,1,4,1,5),(132,'D00127','Horizonte Ecológico','23-45678901-3','Contacto AWW','juan.rodriguez@horizonteecologico.com','(+)52 55 1234 5678',1,1,2,5,8,5),(133,'D00124','Soluciones VerdeVida','20-12345670-9','Contacto DSF','ana.solis@verdevida.com','(+)54 9 11 1234 5678',1,1,2,5,8,3),(134,'D00125','Innovación Global S.A.','27-23456789-1','Contacto DDD','carlos.martinez@innovacionglobal.com','(+)55 21 9876 5432',1,1,1,1,1,4),(135,'D00138','Innovación Solar S.A.','30-99887766-7','Contacto AIS','julia.martinez@innovacionsolar.com','(+)52 55 1234 5678',1,1,1,4,1,5),(136,'D00126','Empresas FuturoBrillante','30-34567890-2','Contacto AHH','laura.perez@futurobrillante.com','(+)56 9 8765 4321',1,1,1,1,7,1),(137,'D00128','Fundación UniCorp','33-56789012-4','Contacto ASEE','marta.gonzalez@unicorp.org','(+)57 300 123 4567',1,1,2,5,8,8),(138,'D00139','TechGreen Innovación S.R.L.','25-67890123-0','Contacto ATG','tech@techgreeninnovacion.com','(+)54 9 11 4567 8901',1,1,1,7,2,3);
/*!40000 ALTER TABLE `donantes` ENABLE KEYS */;
UNLOCK TABLES;

--
-- Table structure for table `frecuencias`
--

DROP TABLE IF EXISTS `frecuencias`;
/*!40101 SET @saved_cs_client     = @@character_set_client */;
/*!50503 SET character_set_client = utf8mb4 */;
CREATE TABLE `frecuencias` (
  `id_frecuencia` int NOT NULL AUTO_INCREMENT,
  `frecuencia` varchar(100) NOT NULL,
  PRIMARY KEY (`id_frecuencia`),
  UNIQUE KEY `frecuencia` (`frecuencia`)
) ENGINE=InnoDB AUTO_INCREMENT=6 DEFAULT CHARSET=utf8mb4 COLLATE=utf8mb4_0900_ai_ci;
/*!40101 SET character_set_client = @saved_cs_client */;

--
-- Dumping data for table `frecuencias`
--

LOCK TABLES `frecuencias` WRITE;
/*!40000 ALTER TABLE `frecuencias` DISABLE KEYS */;
INSERT INTO `frecuencias` VALUES (3,'Anual'),(2,'Bimestral'),(1,'Mensual'),(4,'Semestral'),(5,'Trimestral');
/*!40000 ALTER TABLE `frecuencias` ENABLE KEYS */;
UNLOCK TABLES;

--
-- Table structure for table `gastos`
--

DROP TABLE IF EXISTS `gastos`;
/*!40101 SET @saved_cs_client     = @@character_set_client */;
/*!50503 SET character_set_client = utf8mb4 */;
CREATE TABLE `gastos` (
  `id` int NOT NULL AUTO_INCREMENT,
  `importe` decimal(10,2) NOT NULL,
  `fecha` date NOT NULL,
  `id_proveedor` int NOT NULL,
  `id_cuenta` int NOT NULL,
  PRIMARY KEY (`id`),
  KEY `fk_gastos_proveedor` (`id_proveedor`),
  KEY `fk_gastos_cuenta` (`id_cuenta`),
  CONSTRAINT `fk_gastos_cuenta` FOREIGN KEY (`id_cuenta`) REFERENCES `cuentas` (`id_cuenta`),
  CONSTRAINT `fk_gastos_proveedor` FOREIGN KEY (`id_proveedor`) REFERENCES `proveedores` (`id`)
) ENGINE=InnoDB AUTO_INCREMENT=524 DEFAULT CHARSET=utf8mb4 COLLATE=utf8mb4_0900_ai_ci;
/*!40101 SET character_set_client = @saved_cs_client */;

--
-- Dumping data for table `gastos`
--

LOCK TABLES `gastos` WRITE;
/*!40000 ALTER TABLE `gastos` DISABLE KEYS */;
INSERT INTO `gastos` VALUES (1,171488.00,'2024-03-18',1,1),(2,288255.00,'2024-02-08',2,2),(3,195975.00,'2024-01-18',3,3),(4,158607.00,'2024-03-09',4,4),(5,238101.00,'2024-03-28',5,5),(6,288617.00,'2024-04-14',5,5),(7,251833.00,'2024-01-09',6,1),(8,235688.00,'2024-05-06',7,2),(9,110198.00,'2024-06-12',8,3),(10,269252.00,'2024-01-21',8,3),(11,12373.00,'2024-01-20',9,4),(12,151274.00,'2024-03-06',9,4),(13,101610.00,'2024-01-28',10,6),(14,273713.00,'2024-05-02',10,6),(15,291963.00,'2024-06-04',11,5),(16,224379.00,'2024-04-09',12,1),(17,153447.00,'2024-06-03',12,1),(18,79543.00,'2024-04-14',13,2),(19,41665.00,'2024-02-01',13,2),(20,58494.00,'2024-01-15',14,3),(21,218705.00,'2024-06-19',14,3),(22,35574.00,'2024-05-24',15,4),(23,26434.00,'2024-05-19',15,4),(24,295412.00,'2024-04-09',16,6),(25,128265.00,'2024-04-10',16,6),(26,136358.00,'2024-05-01',17,5),(27,288537.00,'2024-03-05',17,5),(28,122441.00,'2024-01-03',18,1),(29,133962.00,'2024-02-04',18,1),(30,109470.00,'2019-01-01',19,4),(31,211512.00,'2019-03-28',19,4),(32,115392.00,'2019-05-28',19,4),(33,66906.00,'2021-01-07',19,4),(34,149277.00,'2020-10-07',19,4),(35,164820.00,'2023-01-01',19,4),(36,84017.00,'2023-10-07',19,4),(37,12770.00,'2019-01-03',20,1),(38,279575.00,'2019-04-01',20,1),(39,229019.00,'2019-06-01',20,1),(40,277032.00,'2021-01-10',20,1),(41,170554.00,'2020-10-10',20,1),(42,109099.00,'2023-01-03',20,1),(43,120929.00,'2023-10-10',20,1),(44,272036.00,'2019-01-05',21,1),(45,211801.00,'2019-04-04',21,1),(46,153534.00,'2019-06-04',21,1),(47,291211.00,'2021-01-13',21,1),(48,25100.00,'2020-10-13',21,1),(49,136125.00,'2023-01-05',21,1),(50,151245.00,'2023-10-13',21,1),(51,10352.00,'2019-01-07',22,7),(52,199434.00,'2019-04-07',22,7),(53,288754.00,'2021-01-16',22,7),(54,241670.00,'2023-01-07',22,7),(55,291670.00,'2019-01-10',23,5),(56,175139.00,'2019-04-10',23,5),(57,140691.00,'2021-01-19',23,5),(58,257510.00,'2023-01-10',23,5),(59,104176.00,'2019-02-11',24,8),(60,18742.00,'2019-04-13',24,8),(61,29783.00,'2021-01-22',24,8),(62,47776.00,'2023-02-11',24,8),(63,64042.00,'2019-02-14',25,4),(64,271022.00,'2019-04-16',25,4),(65,269442.00,'2021-01-25',25,4),(66,51622.00,'2023-02-14',25,4),(67,131033.00,'2019-02-17',26,1),(68,166866.00,'2019-04-19',26,1),(69,42714.00,'2021-01-28',26,1),(70,130133.00,'2023-02-17',26,1),(71,152895.00,'2019-02-20',27,7),(72,230465.00,'2019-04-22',27,7),(73,190624.00,'2021-02-01',27,7),(74,232698.00,'2023-02-20',27,7),(75,192247.00,'2019-01-12',28,5),(76,215535.00,'2019-02-23',28,5),(77,53588.00,'2019-04-25',28,5),(78,198463.00,'2021-02-04',28,5),(79,193408.00,'2023-01-12',28,5),(80,175620.00,'2023-02-23',28,5),(81,233493.00,'2019-01-15',29,8),(82,172873.00,'2019-02-26',29,8),(83,134090.00,'2019-04-28',29,8),(84,128552.00,'2021-02-07',29,8),(85,200989.00,'2023-01-15',29,8),(86,248690.00,'2023-02-26',29,8),(87,39393.00,'2019-01-17',30,4),(88,202116.00,'2019-03-01',30,4),(89,282553.00,'2019-05-01',30,4),(90,143848.00,'2021-02-10',30,4),(91,172745.00,'2023-01-17',30,4),(92,176341.00,'2023-03-01',30,4),(93,125746.00,'2019-01-20',31,1),(94,259600.00,'2019-03-04',31,1),(95,232274.00,'2019-05-04',31,1),(96,49747.00,'2019-06-07',31,1),(97,111656.00,'2021-02-13',31,1),(98,43202.00,'2020-10-16',31,1),(99,129158.00,'2023-01-20',31,1),(100,152240.00,'2023-03-04',31,1),(101,35853.00,'2023-10-16',31,1),(102,13869.00,'2019-01-22',32,7),(103,157396.00,'2019-03-07',32,7),(104,97345.00,'2019-05-07',32,7),(105,57351.00,'2019-06-10',32,7),(106,251228.00,'2021-02-16',32,7),(107,257036.00,'2020-10-19',32,7),(108,226947.00,'2023-01-22',32,7),(109,57471.00,'2023-10-19',32,7),(110,277243.00,'2019-01-25',33,5),(111,184382.00,'2019-03-10',33,5),(112,273206.00,'2019-05-10',33,5),(113,109321.00,'2019-06-13',33,5),(114,11195.00,'2021-02-19',33,5),(115,218095.00,'2020-10-22',33,5),(116,14028.00,'2023-01-25',33,5),(117,289894.00,'2023-10-22',33,5),(118,212213.00,'2019-01-27',34,8),(119,189803.00,'2019-03-13',34,8),(120,91956.00,'2019-05-13',34,8),(121,94918.00,'2019-06-16',34,8),(122,262781.00,'2020-09-22',34,8),(123,113111.00,'2020-10-25',34,8),(124,93391.00,'2023-01-27',34,8),(125,228821.00,'2023-10-25',34,8),(126,214933.00,'2019-01-30',35,4),(127,121607.00,'2019-03-16',35,4),(128,63352.00,'2019-05-16',35,4),(129,60909.00,'2019-06-19',35,4),(130,191131.00,'2020-09-25',35,4),(131,30101.00,'2020-10-28',35,4),(132,239664.00,'2023-01-30',35,4),(133,16770.00,'2023-10-28',35,4),(134,167832.00,'2019-02-02',36,1),(135,247694.00,'2019-03-19',36,1),(136,113663.00,'2019-05-19',36,1),(137,19987.00,'2019-06-22',36,1),(138,26855.00,'2020-09-28',36,1),(139,299321.00,'2020-11-01',36,1),(140,145362.00,'2023-02-02',36,1),(141,52591.00,'2023-11-01',36,1),(142,285851.00,'2019-02-05',37,7),(143,266431.00,'2019-03-22',37,7),(144,47892.00,'2019-05-22',37,7),(145,143655.00,'2019-06-25',37,7),(146,253069.00,'2021-01-01',37,7),(147,124078.00,'2020-10-01',37,7),(148,164974.00,'2020-11-04',37,7),(149,98184.00,'2023-02-05',37,7),(150,70237.00,'2023-10-01',37,7),(151,249088.00,'2023-11-04',37,7),(152,130253.00,'2019-02-08',38,5),(153,201168.00,'2019-03-25',38,5),(154,182791.00,'2019-05-25',38,5),(155,100941.00,'2019-06-28',38,5),(156,74480.00,'2019-07-01',38,5),(157,50006.00,'2019-07-04',38,5),(158,70453.00,'2021-01-04',38,5),(159,16006.00,'2020-10-04',38,5),(160,168444.00,'2020-11-07',38,5),(161,285123.00,'2020-11-10',38,5),(162,118002.00,'2020-11-13',38,5),(163,262998.00,'2023-02-08',38,5),(164,71101.00,'2023-10-04',38,5),(165,132812.00,'2023-11-07',38,5),(166,193225.00,'2023-11-10',38,5),(167,198619.00,'2023-11-13',38,5),(168,222631.00,'2020-01-02',39,4),(169,61912.00,'2020-04-01',39,4),(170,235544.00,'2020-07-01',39,4),(171,153467.00,'2020-11-22',39,4),(172,229698.00,'2021-03-04',39,4),(173,66132.00,'2020-11-16',39,4),(174,296580.00,'2021-02-19',39,4),(175,228513.00,'2022-10-19',39,4),(176,183419.00,'2020-01-05',40,1),(177,218194.00,'2020-04-04',40,1),(178,175383.00,'2020-07-04',40,1),(179,216757.00,'2020-11-25',40,1),(180,102297.00,'2021-03-07',40,1),(181,24251.00,'2022-11-17',40,1),(182,149161.00,'2022-09-22',40,1),(183,91564.00,'2022-10-22',40,1),(184,296190.00,'2020-01-08',41,1),(185,251963.00,'2020-04-07',41,1),(186,119340.00,'2020-07-07',41,1),(187,248673.00,'2020-11-28',41,1),(188,75137.00,'2022-11-18',41,1),(189,85257.00,'2022-09-25',41,1),(190,91564.00,'2022-10-25',41,1),(191,88564.00,'2020-01-11',42,5),(192,109710.00,'2020-04-10',42,5),(193,129304.00,'2020-07-10',42,5),(194,233659.00,'2020-12-01',42,5),(195,30337.00,'2021-01-28',42,5),(196,246839.00,'2022-09-28',42,5),(197,22903.00,'2020-01-14',43,8),(198,247663.00,'2020-04-13',43,8),(199,90516.00,'2020-07-13',43,8),(200,139242.00,'2020-12-04',43,8),(201,88185.00,'2021-02-01',43,8),(202,244816.00,'2022-10-01',43,8),(203,74389.00,'2020-01-17',44,4),(204,117043.00,'2020-04-16',44,4),(205,97376.00,'2020-07-16',44,4),(206,231968.00,'2020-12-07',44,4),(207,146818.00,'2021-02-04',44,4),(208,14222.00,'2022-10-04',44,4),(209,37706.00,'2020-01-20',45,1),(210,11442.00,'2020-04-19',45,1),(211,179093.00,'2020-07-19',45,1),(212,173998.00,'2020-12-10',45,1),(213,283665.00,'2021-02-07',45,1),(214,212134.00,'2022-10-07',45,1),(215,198341.00,'2020-01-23',46,7),(216,10587.00,'2020-04-22',46,7),(217,179746.00,'2020-07-22',46,7),(218,83142.00,'2020-12-13',46,7),(219,59591.00,'2021-02-10',46,7),(220,280267.00,'2022-10-10',46,7),(221,237422.00,'2020-01-26',47,5),(222,13020.00,'2020-04-25',47,5),(223,94240.00,'2020-07-25',47,5),(224,64138.00,'2020-12-16',47,5),(225,209335.00,'2021-02-13',47,5),(226,211622.00,'2022-10-13',47,5),(227,79707.00,'2020-01-29',48,8),(228,217800.00,'2020-04-28',48,8),(229,26298.00,'2020-07-28',48,8),(230,147083.00,'2020-12-19',48,8),(231,241869.00,'2021-02-16',48,8),(232,140463.00,'2022-10-16',48,8),(233,12989.00,'2020-02-01',49,1),(234,268049.00,'2020-05-01',49,1),(235,222635.00,'2020-08-01',49,1),(236,256449.00,'2020-12-22',49,1),(237,141315.00,'2021-02-19',49,1),(238,186346.00,'2022-10-19',49,1),(239,249854.00,'2020-02-04',50,4),(240,229698.00,'2020-05-04',50,4),(241,192599.00,'2020-08-04',50,4),(242,152846.00,'2020-12-25',50,4),(243,110878.00,'2021-01-07',50,4),(244,48679.00,'2022-09-22',50,4),(245,50488.00,'2022-10-22',50,4),(246,127726.00,'2020-02-07',51,1),(247,102297.00,'2020-05-07',51,1),(248,150974.00,'2020-08-07',51,1),(249,256144.00,'2020-12-28',51,1),(250,31099.00,'2021-01-10',51,1),(251,194151.00,'2022-09-25',51,1),(252,126804.00,'2022-10-25',51,1),(253,243396.00,'2020-02-10',52,5),(254,24358.00,'2020-05-10',52,5),(255,60625.00,'2020-08-10',52,5),(256,161646.00,'2020-10-01',52,5),(257,135225.00,'2021-01-01',52,5),(258,249165.00,'2021-01-13',52,5),(259,219837.00,'2022-09-28',52,5),(260,173152.00,'2021-01-28',52,5),(261,46325.00,'2020-02-13',53,8),(262,165797.00,'2020-05-13',53,8),(263,294815.00,'2020-08-13',53,8),(264,57988.00,'2020-10-04',53,8),(265,89516.00,'2021-01-04',53,8),(266,281214.00,'2021-01-16',53,8),(267,225311.00,'2022-10-01',53,8),(268,170553.00,'2021-02-01',53,8),(269,220987.00,'2020-02-16',54,4),(270,260964.00,'2020-05-16',54,4),(271,45468.00,'2020-08-16',54,4),(272,135113.00,'2020-10-07',54,4),(273,148154.00,'2021-01-19',54,4),(274,247527.00,'2022-10-04',54,4),(275,212736.00,'2021-02-04',54,4),(276,221445.00,'2020-02-19',55,1),(277,228513.00,'2020-05-19',55,1),(278,247726.00,'2020-08-19',55,1),(279,295302.00,'2020-10-10',55,1),(280,217867.00,'2021-01-22',55,1),(281,223875.00,'2022-10-07',55,1),(282,151708.00,'2021-02-07',55,1),(283,94895.00,'2020-02-22',56,7),(284,91564.00,'2020-05-22',56,7),(285,175561.00,'2020-08-22',56,7),(286,73794.00,'2020-10-13',56,7),(287,73794.00,'2021-01-25',56,7),(288,148032.00,'2022-10-10',56,7),(289,279688.00,'2021-02-10',56,7),(290,139765.00,'2020-02-25',57,5),(291,143944.00,'2020-05-25',57,5),(292,158384.00,'2020-08-25',57,5),(293,106432.00,'2020-10-16',57,5),(294,106432.00,'2021-01-28',57,5),(295,42668.00,'2022-10-13',57,5),(296,72059.00,'2021-02-13',57,5),(297,248599.00,'2020-02-28',58,8),(298,159738.00,'2020-05-28',58,8),(299,122240.00,'2020-08-28',58,8),(300,90675.00,'2020-10-19',58,8),(301,90675.00,'2021-02-01',58,8),(302,81679.00,'2022-10-16',58,8),(303,117043.00,'2021-02-16',58,8),(304,130696.00,'2020-03-02',59,1),(305,207725.00,'2020-06-01',59,1),(306,121055.00,'2020-09-01',59,1),(307,252093.00,'2020-10-22',59,1),(308,252093.00,'2021-02-04',59,1),(309,280320.00,'2022-10-19',59,1),(310,11442.00,'2021-02-19',59,1),(311,88206.00,'2020-03-05',60,4),(312,103821.00,'2020-06-04',60,4),(313,52184.00,'2020-09-04',60,4),(314,85168.00,'2020-10-25',60,4),(315,85168.00,'2021-02-07',60,4),(316,34695.00,'2022-10-22',60,4),(317,10587.00,'2022-09-22',60,4),(318,255727.00,'2020-03-08',61,1),(319,253296.00,'2020-06-07',61,1),(320,200021.00,'2020-09-07',61,1),(321,278387.00,'2020-10-28',61,1),(322,278387.00,'2021-02-10',61,1),(323,82635.00,'2022-10-25',61,1),(324,13020.00,'2022-09-25',61,1),(325,295728.00,'2020-03-11',62,5),(326,201749.00,'2020-06-10',62,5),(327,269410.00,'2020-09-10',62,5),(328,156276.00,'2020-11-01',62,5),(329,156276.00,'2021-02-13',62,5),(330,124428.00,'2021-01-28',62,5),(331,217800.00,'2022-09-28',62,5),(332,59893.00,'2020-03-14',63,8),(333,43682.00,'2020-06-13',63,8),(334,228649.00,'2020-09-13',63,8),(335,28845.00,'2020-11-04',63,8),(336,28845.00,'2021-02-16',63,8),(337,61059.00,'2021-02-01',63,8),(338,268049.00,'2022-10-01',63,8),(339,44782.00,'2020-03-17',64,4),(340,36878.00,'2020-06-16',64,4),(341,47698.00,'2020-09-16',64,4),(342,298913.00,'2020-11-07',64,4),(343,11442.00,'2021-02-19',64,4),(344,183119.00,'2021-02-04',64,4),(345,229698.00,'2022-10-04',64,4),(346,195892.00,'2020-03-20',65,1),(347,113452.00,'2020-06-19',65,1),(348,20782.00,'2020-09-19',65,1),(349,10509.00,'2020-11-10',65,1),(350,10587.00,'2021-02-22',65,1),(351,202693.00,'2021-02-07',65,1),(352,102297.00,'2022-10-07',65,1),(353,108357.00,'2020-03-23',66,7),(354,280161.00,'2020-06-22',66,7),(355,138216.00,'2020-09-22',66,7),(356,239084.00,'2020-11-13',66,7),(357,13020.00,'2021-02-25',66,7),(358,26156.00,'2021-02-10',66,7),(359,24358.00,'2022-10-10',66,7),(360,221537.00,'2020-03-26',67,5),(361,164567.00,'2020-06-25',67,5),(362,91071.00,'2020-09-25',67,5),(363,98759.00,'2020-11-16',67,5),(364,217800.00,'2021-02-28',67,5),(365,295351.00,'2021-02-13',67,5),(366,165797.00,'2022-10-13',67,5),(367,277194.00,'2020-03-29',68,8),(368,137527.00,'2020-06-28',68,8),(369,157821.00,'2020-09-28',68,8),(370,22735.00,'2020-11-19',68,8),(371,268049.00,'2021-03-01',68,8),(372,195051.00,'2021-02-16',68,8),(373,260964.00,'2022-10-16',68,8),(374,10164.00,'2024-06-02',69,4),(375,11660.00,'2024-01-31',70,2),(376,15039.00,'2024-05-13',71,4),(377,18521.00,'2024-02-08',2,2),(378,19014.00,'2024-01-19',72,5),(379,19483.00,'2024-01-12',73,6),(380,23335.00,'2024-01-07',74,2),(381,24035.00,'2024-02-27',75,2),(382,24573.00,'2024-06-13',76,4),(383,24710.00,'2024-02-29',77,6),(384,28033.00,'2024-01-28',10,6),(385,29110.00,'2024-04-09',12,1),(386,30219.00,'2024-05-03',78,5),(387,30808.00,'2024-04-14',5,5),(388,32000.00,'2024-01-29',79,6),(389,37732.00,'2024-03-21',80,2),(390,38459.00,'2024-05-21',81,4),(391,39168.00,'2024-02-06',82,3),(392,39175.00,'2024-02-15',83,2),(393,40126.00,'2024-01-08',84,2),(394,42905.00,'2024-04-15',85,3),(395,43426.00,'2024-02-23',86,3),(396,45663.00,'2024-01-05',87,2),(397,46612.00,'2024-03-02',88,5),(398,50432.00,'2024-06-03',89,1),(399,51264.00,'2024-04-12',90,6),(400,55617.00,'2024-03-15',91,3),(401,56026.00,'2024-03-16',92,6),(402,58428.00,'2024-06-12',8,3),(403,60583.00,'2024-06-09',93,6),(404,62378.00,'2024-01-03',18,1),(405,66873.00,'2024-03-11',94,1),(406,71853.00,'2024-05-02',95,4),(407,72357.00,'2024-03-09',4,4),(408,73957.00,'2024-02-16',96,3),(409,74744.00,'2024-05-10',97,6),(410,75070.00,'2024-03-18',76,4),(411,75330.00,'2024-03-08',98,3),(412,78723.00,'2024-01-15',14,3),(413,79911.00,'2024-05-10',99,1),(414,80841.00,'2024-06-28',100,3),(415,83555.00,'2024-01-04',101,2),(416,84567.00,'2024-03-27',102,6),(417,85688.00,'2024-01-06',75,3),(418,86825.00,'2024-06-04',97,6),(419,88494.00,'2024-02-11',103,1),(420,92650.00,'2024-01-09',104,4),(421,95580.00,'2024-06-14',105,5),(422,98664.00,'2024-04-01',103,1),(423,98854.00,'2024-01-20',9,4),(424,101603.00,'2024-05-06',7,2),(425,108214.00,'2024-03-20',106,4),(426,108316.00,'2024-04-02',107,2),(427,110248.00,'2024-02-28',105,5),(428,111243.00,'2024-03-22',108,2),(429,112002.00,'2024-04-18',99,1),(430,112835.00,'2024-02-22',109,5),(431,115620.00,'2024-05-24',15,4),(432,117106.00,'2024-06-04',11,5),(433,117707.00,'2024-01-29',110,1),(434,121086.00,'2024-05-01',17,5),(435,121389.00,'2024-06-29',111,6),(436,122127.00,'2024-03-17',112,3),(437,122880.00,'2024-05-06',113,4),(438,123157.00,'2024-06-21',114,5),(439,124891.00,'2024-06-30',92,6),(440,127588.00,'2024-03-06',115,1),(441,128252.00,'2024-06-03',12,1),(442,128799.00,'2024-01-12',116,1),(443,128838.00,'2024-04-06',117,2),(444,130478.00,'2024-05-16',83,2),(445,134052.00,'2024-02-09',93,6),(446,135738.00,'2024-04-20',108,2),(447,135868.00,'2024-01-09',118,1),(448,138336.00,'2024-02-12',96,3),(449,139687.00,'2024-01-18',3,3),(450,142460.00,'2024-03-17',119,6),(451,143033.00,'2024-04-08',120,3),(452,144695.00,'2024-02-19',121,5),(453,146153.00,'2024-02-29',122,1),(454,150420.00,'2024-03-29',79,6),(455,150678.00,'2024-01-09',6,1),(456,151263.00,'2024-06-27',118,1),(457,152989.00,'2024-03-18',123,5),(458,153273.00,'2024-02-14',124,4),(459,153937.00,'2024-02-18',125,5),(460,155264.00,'2024-05-30',81,4),(461,155351.00,'2024-03-06',9,4),(462,156568.00,'2024-01-01',126,4),(463,156680.00,'2024-06-05',127,3),(464,158472.00,'2024-04-04',128,5),(465,158588.00,'2024-03-13',129,3),(466,158655.00,'2024-04-10',16,6),(467,160810.00,'2024-01-25',130,3),(468,164873.00,'2024-01-03',131,1),(469,165070.00,'2024-04-14',13,2),(470,165406.00,'2024-02-27',132,6),(471,168452.00,'2024-02-01',13,2),(472,171619.00,'2024-03-19',115,1),(473,173227.00,'2024-03-28',5,6),(474,174377.00,'2024-02-25',128,5),(475,174615.00,'2024-03-14',132,5),(476,176507.00,'2024-03-30',100,3),(477,184371.00,'2024-01-04',133,4),(478,185402.00,'2024-05-07',104,4),(479,188554.00,'2024-06-17',134,6),(480,189954.00,'2024-03-18',1,1),(481,193959.00,'2024-04-18',135,6),(482,197447.00,'2024-03-04',136,4),(483,197818.00,'2024-02-29',116,1),(484,201108.00,'2024-03-23',137,6),(485,202092.00,'2024-06-09',73,6),(486,202128.00,'2024-02-12',138,4),(487,202261.00,'2024-03-03',139,2),(488,203310.00,'2024-02-14',140,2),(489,204006.00,'2024-05-11',136,4),(490,204022.00,'2024-01-26',141,5),(491,204823.00,'2024-02-22',72,5),(492,207617.00,'2024-05-17',117,2),(493,209036.00,'2024-06-29',135,6),(494,209204.00,'2024-01-20',142,3),(495,209460.00,'2024-05-06',143,5),(496,210166.00,'2024-06-15',120,3),(497,212855.00,'2024-05-18',144,1),(498,213343.00,'2024-01-07',70,2),(499,214016.00,'2024-01-18',132,6),(500,215609.00,'2024-06-30',78,5),(501,216059.00,'2024-01-19',145,1),(502,217766.00,'2024-03-12',146,1),(503,219093.00,'2024-01-05',138,4),(504,220046.00,'2024-03-02',80,2),(505,220966.00,'2024-03-25',143,5),(506,224365.00,'2024-03-26',77,6),(507,228756.00,'2024-02-16',73,5),(508,229012.00,'2024-06-10',132,5),(509,229885.00,'2024-05-26',89,1),(510,231991.00,'2024-05-30',127,3),(511,234322.00,'2024-05-19',15,4),(512,234752.00,'2024-04-09',16,6),(513,238252.00,'2024-05-01',147,1),(514,242014.00,'2024-05-02',10,6),(515,243339.00,'2024-01-18',130,3),(516,246479.00,'2024-03-11',107,2),(517,248564.00,'2024-06-22',73,5),(518,248954.00,'2024-06-19',14,3),(519,252040.00,'2024-03-05',17,5),(520,270035.00,'2024-03-28',113,4),(521,283772.00,'2024-01-21',8,3),(522,292966.00,'2024-04-15',112,3),(523,299795.00,'2024-02-04',18,1);
/*!40000 ALTER TABLE `gastos` ENABLE KEYS */;
UNLOCK TABLES;

--
-- Table structure for table `ingresos`
--

DROP TABLE IF EXISTS `ingresos`;
/*!40101 SET @saved_cs_client     = @@character_set_client */;
/*!50503 SET character_set_client = utf8mb4 */;
CREATE TABLE `ingresos` (
  `id` int NOT NULL AUTO_INCREMENT,
  `importe` decimal(10,2) NOT NULL,
  `fecha` date NOT NULL,
  `id_donante` int NOT NULL,
  `id_cuenta` int NOT NULL,
  PRIMARY KEY (`id`),
  KEY `fk_ingresos_donante` (`id_donante`),
  KEY `fk_ingresos_cuenta` (`id_cuenta`),
  CONSTRAINT `fk_ingresos_cuenta` FOREIGN KEY (`id_cuenta`) REFERENCES `cuentas` (`id_cuenta`),
  CONSTRAINT `fk_ingresos_donante` FOREIGN KEY (`id_donante`) REFERENCES `donantes` (`id`)
) ENGINE=InnoDB AUTO_INCREMENT=609 DEFAULT CHARSET=utf8mb4 COLLATE=utf8mb4_0900_ai_ci;
/*!40101 SET character_set_client = @saved_cs_client */;

--
-- Dumping data for table `ingresos`
--

LOCK TABLES `ingresos` WRITE;
/*!40000 ALTER TABLE `ingresos` DISABLE KEYS */;
INSERT INTO `ingresos` VALUES (1,292732.00,'2024-02-26',1,9),(2,326439.00,'2024-01-12',2,10),(3,276920.00,'2024-06-08',3,10),(4,406733.00,'2024-02-11',4,9),(5,352572.00,'2024-05-29',5,10),(6,499223.00,'2024-02-07',6,10),(7,344730.00,'2024-06-26',7,9),(8,489625.00,'2024-07-25',8,10),(9,428367.00,'2024-05-17',9,10),(10,362840.00,'2024-04-01',10,9),(11,152834.00,'2024-03-16',11,10),(12,175310.00,'2024-04-15',12,10),(13,417633.00,'2024-02-04',13,9),(14,169763.00,'2024-02-04',13,9),(15,244263.00,'2024-06-05',14,10),(16,109935.00,'2024-03-23',15,10),(17,483186.00,'2024-04-07',16,9),(18,349289.00,'2024-03-29',17,10),(19,191824.00,'2024-03-30',18,10),(20,349612.00,'2024-01-01',19,9),(21,452948.00,'2024-03-04',20,10),(22,359387.00,'2024-04-16',21,10),(23,453421.00,'2024-02-04',22,9),(24,333679.00,'2024-05-30',23,10),(25,152261.00,'2024-05-31',24,10),(26,309782.00,'2024-06-08',25,9),(27,270140.00,'2024-06-13',26,10),(28,414446.00,'2024-06-05',27,10),(29,218575.00,'2024-01-27',28,9),(30,272633.00,'2024-06-18',29,10),(31,445169.00,'2024-01-22',30,10),(32,189438.00,'2024-06-05',31,9),(33,115526.00,'2024-05-07',32,10),(34,154409.00,'2024-04-21',33,10),(35,380153.00,'2024-06-01',34,9),(36,398095.00,'2024-03-13',35,10),(37,385421.00,'2024-08-31',36,10),(38,397090.00,'2024-02-01',37,9),(39,259341.00,'2024-05-20',38,10),(40,406805.00,'2024-06-28',39,10),(41,333954.00,'2024-04-27',40,9),(42,86846.00,'2024-02-29',41,10),(43,167448.00,'2024-06-14',42,10),(44,70569.00,'2024-05-14',43,11),(45,130021.00,'2024-04-03',44,10),(46,135342.00,'2024-04-12',45,10),(47,55258.00,'2024-03-15',46,11),(48,104301.00,'2024-04-11',47,10),(49,158669.00,'2024-05-02',48,10),(50,166965.00,'2024-06-17',49,11),(51,151978.00,'2024-01-30',50,10),(52,176989.00,'2024-04-17',51,10),(53,102271.00,'2024-02-04',52,10),(54,154758.00,'2024-06-27',53,10),(55,55466.00,'2024-05-11',54,10),(56,89589.00,'2024-04-07',55,11),(57,75404.00,'2024-04-22',56,10),(58,114077.00,'2024-02-06',57,10),(59,174259.00,'2024-03-04',58,11),(60,133689.00,'2024-04-17',59,10),(61,58351.00,'2024-05-13',60,10),(62,104373.00,'2024-03-17',61,11),(63,167335.00,'2024-05-16',62,10),(64,99055.00,'2024-01-29',63,10),(65,60683.00,'2024-06-26',64,11),(66,119390.00,'2024-05-09',65,10),(67,117232.00,'2024-02-01',66,10),(68,100701.00,'2024-06-13',67,11),(69,186202.00,'2024-01-26',68,10),(70,173157.00,'2024-01-26',68,10),(71,109167.00,'2024-02-17',69,10),(72,121715.00,'2024-05-29',70,11),(73,181679.00,'2024-06-12',71,10),(74,164792.00,'2024-05-24',72,10),(75,184834.00,'2024-04-12',73,11),(76,173825.00,'2024-02-19',74,10),(77,166200.00,'2024-02-02',75,10),(78,106340.00,'2024-05-18',76,11),(79,130340.00,'2024-06-20',77,10),(80,90786.00,'2024-03-13',78,10),(81,188151.00,'2024-03-06',79,10),(82,136947.00,'2024-06-30',80,10),(83,165727.00,'2024-02-16',81,10),(84,114296.00,'2024-06-24',82,11),(85,76383.00,'2024-03-15',83,10),(86,137963.00,'2024-06-18',84,10),(87,63095.00,'2024-02-08',85,11),(88,113891.00,'2024-04-05',86,10),(89,125419.00,'2024-02-22',87,10),(90,121338.00,'2024-06-28',88,11),(91,58739.00,'2024-06-10',89,10),(92,65020.00,'2024-04-10',90,10),(93,163410.00,'2024-04-22',91,11),(94,123679.00,'2024-03-09',92,10),(95,126605.00,'2024-01-29',93,10),(96,84706.00,'2024-04-02',94,10),(97,195855.00,'2024-02-22',95,10),(98,114424.00,'2024-04-15',96,10),(99,110881.00,'2024-04-15',96,10),(100,57867.00,'2024-04-15',96,10),(101,139723.00,'2024-05-28',97,11),(102,133131.00,'2024-05-05',98,10),(103,162961.00,'2024-01-25',99,10),(104,156325.00,'2024-02-26',100,11),(105,120000.00,'2024-05-31',101,12),(106,150000.00,'2024-06-01',102,12),(107,200000.00,'2024-06-02',103,12),(108,180000.00,'2024-06-03',104,12),(109,220000.00,'2024-06-04',105,12),(110,66227.00,'2018-01-01',106,13),(111,243823.00,'2018-01-26',107,14),(112,55300.00,'2018-01-01',106,13),(113,72299.00,'2018-12-23',108,13),(114,84760.00,'2018-01-01',106,13),(115,272276.00,'2018-01-26',107,14),(116,16137.00,'2018-01-01',106,13),(117,183574.00,'2019-09-08',109,14),(118,385846.00,'2019-08-13',110,14),(119,714947.00,'2019-09-08',109,14),(120,63458.00,'2018-12-23',108,13),(121,766487.00,'2019-02-12',111,13),(122,249584.00,'2019-09-08',109,14),(123,60805.00,'2020-01-01',112,15),(124,356286.00,'2019-02-12',111,13),(125,18448.00,'2018-01-01',106,13),(126,387885.00,'2020-01-24',113,13),(127,730842.00,'2019-09-08',109,14),(128,72321.00,'2019-02-12',111,13),(129,540813.00,'2020-01-24',113,13),(130,32127.00,'2020-01-01',112,15),(131,512660.00,'2019-02-12',111,13),(132,274968.00,'2020-01-24',113,13),(133,235999.00,'2019-02-12',111,13),(134,280468.00,'2019-09-08',109,14),(135,276867.00,'2020-01-24',113,13),(136,63835.00,'2020-01-01',112,15),(137,101418.00,'2020-02-05',114,13),(138,188904.00,'2019-02-12',111,13),(139,460149.00,'2020-01-24',113,13),(140,183842.00,'2019-02-12',111,13),(141,205153.00,'2018-01-26',107,14),(142,166865.00,'2019-09-08',109,14),(143,247913.00,'2020-01-24',113,13),(144,84204.00,'2020-01-01',112,15),(145,70469.00,'2019-02-12',111,13),(146,75788.00,'2018-01-01',106,13),(147,565616.00,'2020-01-24',113,13),(148,153871.00,'2020-02-05',114,13),(149,207544.00,'2019-02-12',111,13),(150,750782.00,'2019-08-13',110,14),(151,655577.00,'2019-09-08',109,14),(152,219966.00,'2020-01-24',113,13),(153,121573.00,'2020-01-01',112,15),(154,483595.00,'2019-02-12',111,13),(155,264022.00,'2020-01-24',113,13),(156,226668.00,'2019-02-12',111,13),(157,686866.00,'2019-09-08',109,14),(158,354871.00,'2020-01-24',113,13),(159,179927.00,'2020-01-01',112,15),(160,285886.00,'2019-02-12',111,13),(161,141673.00,'2020-02-05',114,13),(162,173463.00,'2018-12-23',108,13),(163,244865.00,'2020-01-24',113,13),(164,321539.00,'2019-02-12',111,13),(165,325793.00,'2020-01-24',113,13),(166,492556.00,'2019-09-08',109,14),(167,180488.00,'2020-12-22',115,15),(168,433438.00,'2020-01-01',112,15),(169,51713.00,'2021-01-01',116,15),(170,1121873.00,'2021-02-01',117,15),(171,29120.00,'2021-02-01',118,15),(172,345181.00,'2019-02-12',111,13),(173,24378.00,'2018-01-01',106,13),(174,193728.00,'2020-01-21',119,15),(175,399685.00,'2020-01-24',113,13),(176,250534.00,'2019-02-12',111,13),(177,470537.00,'2019-09-08',109,14),(178,130672.00,'2020-02-05',114,13),(179,79065.00,'2020-12-22',115,15),(180,220940.00,'2021-02-01',117,15),(181,88565.00,'2021-02-01',118,15),(182,139844.00,'2020-01-21',119,15),(183,486131.00,'2020-01-24',113,13),(184,526926.00,'2020-01-01',112,15),(185,333984.00,'2019-02-12',111,13),(186,570809.00,'2021-02-01',117,15),(187,88682.00,'2021-02-01',118,15),(188,45549.00,'2020-01-21',119,15),(189,455211.00,'2020-01-24',113,13),(190,109533.00,'2021-01-01',116,15),(191,522252.00,'2019-02-12',111,13),(192,184185.00,'2020-12-22',115,15),(193,143318.00,'2019-09-08',109,14),(194,408684.00,'2021-02-01',117,15),(195,28523.00,'2021-02-01',118,15),(196,87788.00,'2020-01-21',119,15),(197,334904.00,'2020-01-24',113,13),(198,271642.00,'2020-01-01',112,15),(199,564381.00,'2019-02-12',111,13),(200,195011.00,'2020-02-05',114,13),(201,451106.00,'2021-02-01',117,15),(202,42590.00,'2018-12-23',108,13),(203,13240.00,'2021-02-01',118,15),(204,57471.00,'2020-01-21',119,15),(205,268278.00,'2020-01-24',113,13),(206,53611.00,'2019-02-12',111,13),(207,387405.00,'2019-09-08',109,14),(208,65000.00,'2020-12-22',115,15),(209,40464.00,'2020-01-21',119,15),(210,486280.00,'2020-01-24',113,13),(211,442684.00,'2021-02-01',117,15),(212,27493.00,'2021-02-01',118,15),(213,400338.00,'2020-01-01',112,15),(214,117472.00,'2021-01-01',116,15),(215,175471.00,'2019-02-12',111,13),(216,404537.00,'2021-02-01',117,15),(217,222261.00,'2021-02-01',118,15),(218,190604.00,'2020-01-21',119,15),(219,335920.00,'2020-01-24',113,13),(220,61986.00,'2018-01-01',106,13),(221,181635.00,'2020-12-22',115,15),(222,102864.00,'2021-02-01',118,15),(223,199470.00,'2020-02-05',114,13),(224,487451.00,'2019-02-12',111,13),(225,409837.00,'2019-08-13',110,14),(226,374870.00,'2021-02-01',117,15),(227,218438.00,'2018-01-26',107,14),(228,748110.00,'2019-09-08',109,14),(229,197183.00,'2020-01-21',119,15),(230,581841.00,'2020-01-24',113,13),(231,545228.00,'2020-01-01',112,15),(232,590151.00,'2019-02-12',111,13),(233,496721.00,'2021-02-01',117,15),(234,228710.00,'2021-02-01',118,15),(235,46112.00,'2020-01-21',119,15),(236,294729.00,'2020-01-24',113,13),(237,104618.00,'2021-01-01',116,15),(238,291540.00,'2021-02-01',118,15),(239,442684.00,'2019-02-12',111,13),(240,606837.00,'2019-09-08',109,14),(241,66423.00,'2020-12-22',115,15),(242,132359.00,'2020-01-21',119,15),(243,545689.00,'2020-01-24',113,13),(244,455378.00,'2021-02-01',117,15),(245,244089.00,'2020-01-01',112,15),(246,196540.00,'2020-02-05',114,13),(247,329454.00,'2021-02-01',117,15),(248,520747.00,'2019-02-12',111,13),(249,180459.00,'2020-01-21',119,15),(250,366630.00,'2021-02-01',118,15),(251,347660.00,'2020-01-24',113,13),(252,599251.00,'2019-02-12',111,13),(253,446985.00,'2021-02-01',118,15),(254,123625.00,'2020-12-22',115,15),(255,492165.00,'2021-02-01',117,15),(256,113088.00,'2020-01-21',119,15),(257,416591.00,'2020-01-24',113,13),(258,732998.00,'2019-09-08',109,14),(259,569863.00,'2020-01-01',112,15),(260,39420.00,'2021-01-01',116,15),(261,326348.00,'2021-02-01',118,15),(262,360648.00,'2019-02-12',111,13),(263,706102.00,'2022-01-21',120,14),(264,74488.00,'2022-01-01',121,15),(265,82997.00,'2018-01-01',106,13),(266,572610.00,'2020-01-24',113,13),(267,89993.00,'2020-12-22',115,15),(268,63873.00,'2019-02-12',111,13),(269,433172.00,'2019-09-08',109,14),(270,167308.00,'2020-02-05',114,13),(271,14428.00,'2022-01-01',121,15),(272,429540.00,'2021-02-01',118,15),(273,254098.00,'2022-01-21',120,14),(274,317989.00,'2020-01-24',113,13),(275,465762.00,'2020-01-01',112,15),(276,299852.00,'2019-02-12',111,13),(277,303796.00,'2021-02-01',118,15),(278,47448.00,'2022-01-01',121,15),(279,76229.00,'2022-01-21',120,14),(280,477604.00,'2020-01-24',113,13),(281,496574.00,'2022-01-04',122,15),(282,46331.00,'2021-01-01',116,15),(283,723618.00,'2019-02-12',111,13),(284,65198.00,'2019-09-08',109,14),(285,11747.00,'2020-12-22',115,15),(286,67094.00,'2022-01-01',121,15),(287,628328.00,'2022-01-21',120,14),(288,484857.00,'2020-01-24',113,13),(289,262362.00,'2021-02-01',118,15),(290,268395.00,'2020-01-01',112,15),(291,615923.00,'2019-02-12',111,13),(292,194895.00,'2020-02-05',114,13),(293,59924.00,'2022-01-01',121,15),(294,523067.00,'2021-02-01',118,15),(295,486856.00,'2022-01-21',120,14),(296,299187.00,'2020-01-24',113,13),(297,282999.00,'2019-02-12',111,13),(298,46148.00,'2022-05-06',123,15),(299,43728.00,'2020-12-22',115,15),(300,505685.00,'2019-09-08',109,14),(301,298046.00,'2022-01-21',120,14),(302,361284.00,'2020-01-24',113,13),(303,534547.00,'2021-02-01',118,15),(304,46713.00,'2022-01-01',121,15),(305,694300.00,'2020-01-01',112,15),(306,40212.00,'2021-01-01',116,15),(307,693094.00,'2019-02-12',111,13),(308,23153.00,'2022-05-06',123,15),(309,30913.00,'2018-01-01',106,13),(310,307194.00,'2021-02-01',118,15),(311,59286.00,'2022-01-01',121,15),(312,171034.00,'2022-01-21',120,14),(313,375092.00,'2020-01-24',113,13),(314,54677.00,'2019-02-12',111,13),(315,89666.00,'2022-01-01',121,15),(316,83712.00,'2022-05-06',123,15),(317,157365.00,'2020-02-05',114,13),(318,462809.00,'2021-02-01',118,15),(319,747805.00,'2019-08-13',110,14),(320,587146.00,'2022-01-21',120,14),(321,547634.00,'2019-09-08',109,14),(322,378265.00,'2020-01-24',113,13),(323,108254.00,'2020-12-22',115,15),(324,676067.00,'2020-01-01',112,15),(325,319808.00,'2019-02-12',111,13),(326,55339.00,'2022-05-06',123,15),(327,81847.00,'2022-01-01',121,15),(328,417361.00,'2022-01-21',120,14),(329,434394.00,'2021-02-01',118,15),(330,398047.00,'2020-01-24',113,13),(331,444382.00,'2022-01-04',122,15),(332,64932.00,'2021-01-01',116,15),(333,281342.00,'2022-04-10',124,14),(334,626970.00,'2019-02-12',111,13),(335,83619.00,'2022-01-01',121,15),(336,65179.00,'2022-05-06',123,15),(337,291606.00,'2021-02-01',118,15),(338,662880.00,'2019-09-08',109,14),(339,53331.00,'2020-12-22',115,15),(340,279196.00,'2022-01-21',120,14),(341,529570.00,'2020-01-24',113,13),(342,727911.00,'2020-01-01',112,15),(343,156809.00,'2020-02-05',114,13),(344,364686.00,'2019-02-12',111,13),(345,173595.00,'2022-05-06',123,15),(346,135999.00,'2018-01-26',107,14),(347,217008.00,'2021-02-01',118,15),(348,706918.00,'2022-01-21',120,14),(349,166344.00,'2022-01-01',121,15),(350,572356.00,'2020-01-24',113,13),(351,156418.00,'2020-12-22',115,15),(352,631303.00,'2019-02-12',111,13),(353,383818.00,'2022-04-10',124,14),(354,592642.00,'2021-02-01',118,15),(355,116913.00,'2022-05-06',123,15),(356,174132.00,'2022-01-01',121,15),(357,385281.00,'2022-01-21',120,14),(358,58332.00,'2018-12-23',108,13),(359,280450.00,'2020-01-24',113,13),(360,257499.00,'2019-09-08',109,14),(361,298586.00,'2023-01-01',125,13),(362,329958.00,'2023-01-01',126,15),(363,356962.00,'2023-01-01',127,15),(364,538554.00,'2020-01-01',112,15),(365,81503.00,'2021-01-01',116,15),(366,86419.00,'2023-02-01',128,15),(367,570388.00,'2022-01-01',121,15),(368,274376.00,'2019-02-12',111,13),(369,447298.00,'2022-05-06',123,15),(370,92208.00,'2018-01-01',106,13),(371,172159.00,'2020-12-22',115,15),(372,331280.00,'2022-01-21',120,14),(373,233279.00,'2020-01-24',113,13),(374,329609.00,'2023-01-25',129,13),(375,217763.00,'2022-04-10',124,14),(376,128788.00,'2019-02-12',111,13),(377,307698.00,'2022-05-06',123,15),(378,567511.00,'2019-09-08',109,14),(379,168805.00,'2020-02-05',114,13),(380,484258.00,'2023-01-01',125,13),(381,263071.00,'2023-01-01',127,15),(382,18374.00,'2023-02-01',128,15),(383,349275.00,'2022-01-01',121,15),(384,351957.00,'2022-01-21',120,14),(385,242085.00,'2023-01-01',126,15),(386,572337.00,'2020-01-01',112,15),(387,256681.00,'2019-02-12',111,13),(388,464627.00,'2022-05-06',123,15),(389,196425.00,'2020-12-22',115,15),(390,445529.00,'2023-01-01',125,13),(391,51045.00,'2023-02-01',128,15),(392,561428.00,'2022-01-01',121,15),(393,525330.00,'2023-01-01',127,15),(394,280069.00,'2023-01-25',129,13),(395,357979.00,'2022-01-21',120,14),(396,488440.00,'2022-01-04',122,15),(397,73476.00,'2021-01-01',116,15),(398,480666.00,'2019-02-12',111,13),(399,424093.00,'2022-04-10',124,14),(400,294917.00,'2022-05-06',123,15),(401,78589.00,'2019-09-08',109,14),(402,541508.00,'2023-01-01',125,13),(403,76343.00,'2023-02-01',128,15),(404,581485.00,'2022-01-21',120,14),(405,508349.00,'2023-01-01',127,15),(406,579438.00,'2022-01-01',121,15),(407,460201.00,'2023-01-01',126,15),(408,604351.00,'2020-01-01',112,15),(409,175721.00,'2020-02-05',114,13),(410,482346.00,'2019-02-12',111,13),(411,273536.00,'2022-05-06',123,15),(412,440936.00,'2023-01-01',125,13),(413,249539.00,'2023-02-01',128,15),(414,359406.00,'2022-01-01',121,15),(415,501922.00,'2023-01-01',127,15),(416,258235.00,'2023-01-25',129,13),(417,428123.00,'2022-01-21',120,14),(418,43469.00,'2020-12-22',115,15),(419,488328.00,'2019-02-12',111,13),(420,191399.00,'2022-04-10',124,14),(421,477167.00,'2022-05-06',123,15),(422,778799.00,'2019-09-08',109,14),(423,85345.00,'2022-01-21',120,14),(424,312491.00,'2023-01-01',125,13),(425,251130.00,'2023-02-01',128,15),(426,590415.00,'2022-01-01',121,15),(427,462336.00,'2023-01-01',127,15),(428,572372.00,'2023-01-01',126,15),(429,563349.00,'2020-01-01',112,15),(430,117902.00,'2021-01-01',116,15),(431,262263.00,'2019-02-12',111,13),(432,345240.00,'2022-05-06',123,15),(433,371932.00,'2023-01-25',129,13),(434,31692.00,'2020-12-22',115,15),(435,472790.00,'2023-02-01',128,15),(436,410481.00,'2022-01-01',121,15),(437,445924.00,'2023-01-01',127,15),(438,269664.00,'2023-01-01',125,13),(439,93637.00,'2018-01-01',106,13),(440,774305.00,'2022-01-21',120,14),(441,356384.00,'2019-02-12',111,13),(442,390950.00,'2022-04-10',124,14),(443,129491.00,'2020-02-05',114,13),(444,470152.00,'2023-02-01',128,15),(445,341986.00,'2023-01-01',127,15),(446,578153.00,'2022-05-06',123,15),(447,447841.00,'2023-01-01',125,13),(448,234722.00,'2022-01-01',121,15),(449,260898.00,'2019-08-13',110,14),(450,609982.00,'2022-01-21',120,14),(451,402281.00,'2019-09-08',109,14),(452,408599.00,'2023-01-01',126,15),(453,697998.00,'2020-01-01',112,15),(454,500982.00,'2023-01-01',125,13),(455,544174.00,'2019-02-12',111,13),(456,255436.00,'2022-05-06',123,15),(457,570995.00,'2023-02-01',128,15),(458,307348.00,'2023-01-01',127,15),(459,680131.00,'2022-01-21',120,14),(460,488646.00,'2023-01-25',129,13),(461,334523.00,'2022-01-01',121,15),(462,92066.00,'2020-12-22',115,15),(463,309601.00,'2022-01-04',122,15),(464,38437.00,'2021-01-01',116,15),(465,449104.00,'2023-01-01',127,15),(466,797809.00,'2022-04-10',124,14),(467,149397.00,'2019-02-12',111,13),(468,630203.00,'2022-05-06',123,15),(469,366542.00,'2022-01-01',121,15),(470,368134.00,'2019-09-08',109,14),(471,130889.00,'2022-01-21',120,14),(472,185679.00,'2018-12-23',108,13),(473,675277.00,'2020-01-01',112,15),(474,675154.00,'2019-02-12',111,13),(475,788229.00,'2022-05-06',123,15),(476,121690.00,'2020-12-22',115,15),(477,243430.00,'2023-01-25',129,13),(478,537160.00,'2022-01-01',121,15),(479,760502.00,'2022-01-21',120,14),(480,265027.00,'2023-01-01',127,15),(481,202733.00,'2019-02-12',111,13),(482,596040.00,'2022-04-10',124,14),(483,553331.00,'2022-01-01',121,15),(484,667281.00,'2022-05-06',123,15),(485,547298.00,'2023-01-01',127,15),(486,469510.00,'2022-01-21',120,14),(487,238802.00,'2019-09-08',109,14),(488,87280.00,'2020-12-22',115,15),(489,190938.00,'2018-01-26',107,14),(490,747671.00,'2020-01-01',112,15),(491,771106.00,'2024-01-01',130,15),(492,73466.00,'2021-01-01',116,15),(493,57632.00,'2024-01-01',131,13),(494,16927.00,'2018-01-01',106,13),(495,435348.00,'2023-01-25',129,13),(496,487746.00,'2024-04-01',132,15),(497,773286.00,'2019-02-12',111,13),(498,663026.00,'2022-05-06',123,15),(499,577317.00,'2022-01-21',120,14),(500,221969.00,'2024-01-02',133,15),(501,35115.00,'2024-02-02',134,13),(502,71381.00,'2024-02-02',135,15),(503,64959.00,'2024-03-02',136,13),(504,683505.00,'2022-04-10',124,14),(505,334462.00,'2019-02-12',111,13),(506,90795.00,'2024-05-02',137,15),(507,575890.00,'2022-05-06',123,15),(508,739084.00,'2019-09-08',109,14),(509,626668.00,'2024-01-01',130,15),(510,88336.00,'2024-01-01',131,13),(511,85785.00,'2020-12-22',115,15),(512,459222.00,'2024-04-01',132,15),(513,445942.00,'2022-01-21',120,14),(514,607880.00,'2020-01-01',112,15),(515,739298.00,'2019-02-12',111,13),(516,704002.00,'2022-05-06',123,15),(517,232185.00,'2024-04-01',132,15),(518,647753.00,'2024-01-01',130,15),(519,58897.00,'2024-01-01',131,13),(520,55346.00,'2024-02-02',135,15),(521,293230.00,'2024-01-02',133,15),(522,45976.00,'2024-03-02',136,13),(523,43290.00,'2024-02-02',134,13),(524,540812.00,'2023-01-25',129,13),(525,75887.00,'2024-05-02',137,15),(526,239793.00,'2022-01-21',120,14),(527,551050.00,'2024-01-04',138,15),(528,115458.00,'2021-01-01',116,15),(529,627181.00,'2022-04-10',124,14),(530,149833.00,'2020-12-22',115,15),(531,539067.00,'2019-02-12',111,13),(532,776587.00,'2022-05-06',123,15),(533,60901.00,'2024-02-02',134,13),(534,173308.00,'2024-03-02',136,13),(535,97534.00,'2024-05-02',137,15),(536,66576.00,'2024-02-02',135,15),(537,568883.00,'2024-01-02',133,15),(538,578868.00,'2019-09-08',109,14),(539,351798.00,'2024-04-01',132,15),(540,571778.00,'2024-01-01',130,15),(541,33079.00,'2024-01-01',131,13),(542,340346.00,'2022-01-21',120,14),(543,668347.00,'2020-01-01',112,15),(544,159307.00,'2019-02-12',111,13),(545,700318.00,'2022-05-06',123,15),(546,546208.00,'2024-04-01',132,15),(547,783804.00,'2024-01-01',130,15),(548,24515.00,'2024-01-01',131,13),(549,515890.00,'2023-01-25',129,13),(550,700290.00,'2024-01-04',138,15),(551,178456.00,'2022-01-21',120,14),(552,86746.00,'2020-12-22',115,15),(553,470187.00,'2024-01-02',133,15),(554,225900.00,'2024-03-02',136,13),(555,92342.00,'2024-02-02',134,13),(556,117968.00,'2024-05-02',137,15),(557,83697.00,'2024-02-02',135,15),(558,43675.00,'2018-12-23',108,13),(559,659415.00,'2022-04-10',124,14),(560,152701.00,'2019-02-12',111,13),(561,782687.00,'2022-05-06',123,15),(562,347778.00,'2024-01-02',133,15),(563,565167.00,'2024-01-04',138,15),(564,17892.00,'2024-02-02',134,13),(565,40499.00,'2024-02-02',135,15),(566,244932.00,'2024-03-02',136,13),(567,359060.00,'2024-05-02',137,15),(568,481653.00,'2019-09-08',109,14),(569,224200.00,'2022-01-21',120,14),(570,584457.00,'2024-04-01',132,15),(571,578491.00,'2024-01-01',130,15),(572,761671.00,'2020-01-01',112,15),(573,430624.00,'2019-02-12',111,13),(574,711560.00,'2022-05-06',123,15),(575,66711.00,'2020-12-22',115,15),(576,770156.00,'2024-01-01',130,15),(577,420123.00,'2024-04-01',132,15),(578,295364.00,'2024-01-02',133,15),(579,609063.00,'2022-01-21',120,14),(580,635642.00,'2024-01-04',138,15),(581,593821.00,'2023-01-25',129,13),(582,63032.00,'2024-02-02',134,13),(583,41123.00,'2024-02-02',135,15),(584,506437.00,'2024-03-02',136,13),(585,523200.00,'2024-05-02',137,15),(586,250149.00,'2024-01-02',133,15),(587,758508.00,'2022-04-10',124,14),(588,148343.00,'2019-02-12',111,13),(589,268596.00,'2024-04-01',132,15),(590,648108.00,'2024-01-01',130,15),(591,768202.00,'2022-05-06',123,15),(592,642222.00,'2024-01-04',138,15),(593,558515.00,'2019-08-13',110,14),(594,29556.00,'2024-02-02',134,13),(595,234530.00,'2024-03-02',136,13),(596,329953.00,'2024-05-02',137,15),(597,15614.00,'2024-02-02',135,15),(598,740873.00,'2022-01-21',120,14),(599,40287.00,'2020-12-22',115,15),(600,676243.00,'2019-09-08',109,14),(601,508753.00,'2022-01-21',120,14),(602,473575.00,'2024-01-02',133,15),(603,514844.00,'2024-01-04',138,15),(604,556901.00,'2024-01-01',130,15),(605,42628.00,'2024-02-02',134,13),(606,531085.00,'2024-03-02',136,13),(607,471594.00,'2024-05-02',137,15),(608,34964.00,'2024-02-02',135,15);
/*!40000 ALTER TABLE `ingresos` ENABLE KEYS */;
UNLOCK TABLES;

--
-- Table structure for table `paises`
--

DROP TABLE IF EXISTS `paises`;
/*!40101 SET @saved_cs_client     = @@character_set_client */;
/*!50503 SET character_set_client = utf8mb4 */;
CREATE TABLE `paises` (
  `id_pais` int NOT NULL AUTO_INCREMENT,
  `pais` varchar(100) NOT NULL,
  PRIMARY KEY (`id_pais`),
  UNIQUE KEY `pais` (`pais`)
) ENGINE=InnoDB AUTO_INCREMENT=11 DEFAULT CHARSET=utf8mb4 COLLATE=utf8mb4_0900_ai_ci;
/*!40101 SET character_set_client = @saved_cs_client */;

--
-- Dumping data for table `paises`
--

LOCK TABLES `paises` WRITE;
/*!40000 ALTER TABLE `paises` DISABLE KEYS */;
INSERT INTO `paises` VALUES (3,'Argentina'),(7,'Bolivia'),(4,'Brasil'),(1,'Chile'),(8,'Colombia'),(5,'México'),(6,'Paraguay'),(10,'Perú'),(2,'Uruguay'),(9,'Venezuela');
/*!40000 ALTER TABLE `paises` ENABLE KEYS */;
UNLOCK TABLES;

--
-- Table structure for table `proveedores`
--

DROP TABLE IF EXISTS `proveedores`;
/*!40101 SET @saved_cs_client     = @@character_set_client */;
/*!50503 SET character_set_client = utf8mb4 */;
CREATE TABLE `proveedores` (
  `id` int NOT NULL AUTO_INCREMENT,
  `numero` varchar(100) NOT NULL,
  `nombre` varchar(100) NOT NULL,
  `cuit` varchar(100) NOT NULL,
  `contacto` varchar(100) DEFAULT NULL,
  `mail` varchar(255) DEFAULT NULL,
  `telefono` varchar(30) DEFAULT NULL,
  `id_categoria` int NOT NULL,
  `id_contribuyente` int NOT NULL,
  `id_razon` int NOT NULL,
  `id_ciudad` int NOT NULL,
  PRIMARY KEY (`id`),
  UNIQUE KEY `numero` (`numero`),
  KEY `fk_proveedor_categoria` (`id_categoria`),
  KEY `fk_proveedor_contribuyente` (`id_contribuyente`),
  KEY `fk_proveedor_razon` (`id_razon`),
  KEY `fk_proveedor_ciudad` (`id_ciudad`),
  CONSTRAINT `fk_proveedor_categoria` FOREIGN KEY (`id_categoria`) REFERENCES `categoria_proveedores` (`id_categoria`),
  CONSTRAINT `fk_proveedor_ciudad` FOREIGN KEY (`id_ciudad`) REFERENCES `ciudades` (`id_ciudad`),
  CONSTRAINT `fk_proveedor_contribuyente` FOREIGN KEY (`id_contribuyente`) REFERENCES `tipo_contribuyentes` (`id_contribuyente`),
  CONSTRAINT `fk_proveedor_razon` FOREIGN KEY (`id_razon`) REFERENCES `razones_sociales` (`id_razon`)
) ENGINE=InnoDB AUTO_INCREMENT=148 DEFAULT CHARSET=utf8mb4 COLLATE=utf8mb4_0900_ai_ci;
/*!40101 SET character_set_client = @saved_cs_client */;

--
-- Dumping data for table `proveedores`
--

LOCK TABLES `proveedores` WRITE;
/*!40000 ALTER TABLE `proveedores` DISABLE KEYS */;
INSERT INTO `proveedores` VALUES (1,'P00001','Proveedora S.A.','30-12345678-9','Juan Pérez','juan.perez@empresa.com','1234-5678',1,1,1,1),(2,'P00002','Pedro González','30-87654321-0','Pedro González','pedro.gonzalez@correo.zom','2345-6789',1,2,2,2),(3,'P00003','Empresa XYZ','30-13579246-3','María López','maria.lopez@empresa.com','3456-7890',2,1,1,3),(4,'P00004','Servicios AB','30-24681357-2','Laura Ruiz','laura.ruiz@correo.zom','4567-8901',3,1,2,4),(5,'P00005',' Carlos Méndez','30-12345678-9',' Carlos Méndez','carlos.mendez@correo.com','5678-9012',1,2,1,1),(6,'P00006','Grupo Alfa','30-97531246-1','Alberto Fernández','alberto.fernandez@empresa.zom','6789-0123',1,1,2,5),(7,'P00007','Ana Sánchez','30-19283746-4','Ana Sánchez','ana.sanchez@correo.com','7890-1234',1,1,1,6),(8,'P00008','Compañía Beta','30-74859632-7','Laura Martínez','laura.martinez@empresa.zom','8901-2345',3,2,2,7),(9,'P00009','Fernando Gómez','30-12345679-8',' Fernando Gómez','fernando.gomez@correo.zom','9012-3456',2,1,1,4),(10,'P00010','Soluciones Gama','30-98765432-1','Javier Martínez','javier.martinez@empresa.com','0123-4567',1,1,2,6),(11,'P00011','Javier López','30-65432198-7','Javier López','javier.lopez@correo.zom','1234-5678',3,2,1,6),(12,'P00012','Proveedor Ltda.','30-32165487-0','Natalia Gómez','natalia.gomez@empresa.com','2345-6789',1,1,2,8),(13,'P00013','Repuestos Omega','30-45678901-2',' Sergio Castro','sergio.castro@correo.zom','3456-7890',1,2,1,9),(14,'P00014','Estudio Jurídico Alfa','30135792487','María Hernández','maria.hernandez@correo.com','4567-8901',2,1,2,10),(15,'P00015','Rosa Pérez','30-24681358-6','Rosa Pérez','rosa.perez@correo.zom','5678-9012',3,1,1,1),(16,'P00016','Marketing Global','30-97531247-8','Gabriela Gómez','gabriela.gomez@empresa.com','6789-0123',1,1,2,11),(17,'P00017','Julio Fernández','30-86430976-9','Julio Fernández','julio.fernandez@correo.zom','7890-1234',2,2,1,12),(18,'P00018','Consultora Zeta','30-19283747-0',' Laura Sánchez','laura.sanchez@empresa.zom','8901-2345',1,1,2,13),(19,'P00101','Luis Martínez','20-12345678-9','Luis Martínez','luis.martinez@empresa.xyz','0111-2345',4,2,2,1),(20,'P00102','Ana Rodríguez','30-98765432-5','Ana Rodríguez','ana.rodriguez@empresa.abc','0123-5678',5,1,1,14),(21,'P00103','Carlos Fernández','27-23456789-1','Carlos Fernández','carlos.fernandez@empresa.def','0345-6789',6,2,3,1),(22,'P00104','María González','23-45678901-3','María González','maria.gonzalez@empresa.ghi','0678-3456',7,1,2,1),(23,'P00105','Pedro López','33-56789012-4','Pedro López','pedro.lopez@empresa.jkl','0765-4321',8,2,1,15),(24,'P00106','Laura Pérez','20-87654321-2','Laura Pérez','laura.perez@empresa.mno','0889-7654',9,1,2,16),(25,'P00107','Javier Ramírez','30-65432109-8','Javier Ramírez','javier.ramirez@empresa.pqr','0999-1234',4,2,1,17),(26,'P00108','Claudia Sánchez','27-76543210-6','Claudia Sánchez','claudia.sanchez@empresa.stu','0777-5678',6,1,3,18),(27,'P00109','Daniel Morales','23-87654320-5','Daniel Morales','daniel.morales@empresa.vwx','0555-4321',7,2,2,19),(28,'P00110','Gabriela Torres','33-76543219-7','Gabriela Torres','gabriela.torres@empresa.yza','0666-2345',8,1,1,20),(29,'P00111','Jorge Herrera','20-87654322-3','Jorge Herrera','jorge.herrera@empresa.bcd','0123-9876',9,2,2,1),(30,'P00112','Silvia Ramírez','30-76543214-8','Silvia Ramírez','silvia.ramirez@empresa.efg','0999-2345',4,1,1,21),(31,'P00113','Roberto Cruz','27-23456789-3','Roberto Cruz','roberto.cruz@empresa.hij','0555-9876',6,1,3,22),(32,'P00114','Patricia Gómez','23-87654323-6','Patricia Gómez','patricia.gomez@empresa.klm','0765-3456',7,2,2,23),(33,'P00115','Ernesto Ruiz','33-65432198-7','Ernesto Ruiz','ernesto.ruiz@empresa.nop','0889-6543',8,1,1,1),(34,'P00116','Valeria Ortega','20-98765432-9','Valeria Ortega','valeria.ortega@empresa.qrs','0777-7654',9,2,2,1),(35,'P00117','Juan Castillo','30-87654321-0','Juan Castillo','juan.castillo@empresa.tuv','0345-9998',4,1,1,24),(36,'P00118','Sofía Martínez','27-12345678-9','Sofía Martínez','sofia.martinez@empresa.wxy','0555-2345',6,1,3,4),(37,'P00119','Pablo Díaz','23-87654329-8','Pablo Díaz','pablo.diaz@empresa.zab','0123-7654',7,2,2,25),(38,'P00120','Isabel Ramírez','33-76543218-9','Isabel Ramírez','isabel.ramirez@empresa.bef','0999-9876',8,1,1,26),(39,'P00121','Carla Medina','20-34567890-1','Carla Medina','carla.medina@empresa.qrs','0123-6789',10,2,2,27),(40,'P00122','Manuel Fernández','30-98765434-2','Manuel Fernández','manuel.fernandez@empresa.tuv','0345-6789',11,1,1,28),(41,'P00123','Sofía Castro','27-87654321-0','Sofía Castro','sofia.castro@empresa.uvw','0456-7890',12,2,1,29),(42,'P00124','Ricardo López','23-98765432-4','Ricardo López','ricardo.lopez@empresa.xyz','0567-8901',8,1,2,30),(43,'P00125','Gabriela Martínez','33-12345678-9','Gabriela Martínez','gabriela.martinez@empresa.abc','0678-9012',9,2,3,31),(44,'P00126','Pablo Vargas','20-23456789-1','Pablo Vargas','pablo.vargas@empresa.def','0789-0123',4,1,1,32),(45,'P00127','Laura Fernández','30-34567890-3','Laura Fernández','laura.fernandez@empresa.ghi','0890-1234',13,2,2,33),(46,'P00128','Javier González','27-98765432-5','Javier González','javier.gonzalez@empresa.jkl','0912-3456',7,1,1,1),(47,'P00129','Patricia Rivas','23-45678901-7','Patricia Rivas','patricia.rivas@empresa.mno','0123-4567',8,2,2,34),(48,'P00130','Fernando Reyes','33-56789012-6','Fernando Reyes','fernando.reyes@empresa.pqr','0345-6789',9,1,3,35),(49,'P00131','Valentina Ortega','20-87654321-2','Valentina Ortega','valentina.ortega@empresa.stu','0456-7890',5,2,2,36),(50,'P00132','Andrés Ruiz','30-12345678-9','Andrés Ruiz','andres.ruiz@empresa.tuv','0567-8901',4,1,1,37),(51,'P00133','Daniela Fernández','27-23456789-4','Daniela Fernández','daniela.fernandez@empresa.uvw','0678-9012',12,2,1,38),(52,'P00134','Luis Gómez','23-34567890-7','Luis Gómez','luis.gomez@empresa.xyz','0789-0123',8,1,2,1),(53,'P00135','Marcela Jiménez','33-45678901-8','Marcela Jiménez','marcela.jimenez@empresa.abc','0890-1234',9,2,3,39),(54,'P00136','Roberto Díaz','20-56789012-3','Roberto Díaz','roberto.diaz@empresa.def','0912-3456',4,1,1,12),(55,'P00137','Camila Martínez','30-67890123-4','Camila Martínez','camila.martinez@empresa.ghi','0123-4567',13,2,2,1),(56,'P00138','Santiago López','27-78901234-6','Santiago López','santiago.lopez@empresa.jkl','0345-6789',7,1,1,4),(57,'P00139','Fernanda García','23-89012345-9','Fernanda García','fernanda.garcia@empresa.mno','0456-7890',8,2,2,2),(58,'P00140','Nicolás Castillo','33-90123456-0','Nicolás Castillo','nicolas.castillo@empresa.pqr','0567-8901',9,1,3,3),(59,'P00141','Juliana Pérez','20-01234567-4','Juliana Pérez','juliana.perez@empresa.stu','0678-9012',5,2,2,10),(60,'P00142','Diego Fernández','30-12345678-5','Diego Fernández','diego.fernandez@empresa.uvw','0789-0123',4,1,1,13),(61,'P00143','Mariana Gómez','27-23456789-6','Mariana Gómez','mariana.gomez@empresa.xyz','0890-1234',12,2,1,40),(62,'P00144','Manuel Rodríguez','23-34567890-1','Manuel Rodríguez','manuel.rodriguez@empresa.def','0912-3456',8,1,2,14),(63,'P00145','Clara Jiménez','33-45678901-2','Clara Jiménez','clara.jimenez@empresa.ghi','0123-6789',9,2,3,41),(64,'P00146','Eduardo Reyes','20-56789012-5','Eduardo Reyes','eduardo.reyes@empresa.jkl','0345-6789',4,1,1,42),(65,'P00147','Laura Castillo','30-67890123-6','Laura Castillo','laura.castillo@empresa.mno','0456-7890',13,2,2,15),(66,'P00148','Alejandro Rivas','27-78901234-9','Alejandro Rivas','alejandro.rivas@empresa.pqr','0567-8901',7,1,1,16),(67,'P00149','Verónica Martínez','23-89012346-2','Verónica Martínez','veronica.martinez@empresa.stu','0678-9012',8,2,2,1),(68,'P00150','Gabriel López','33-90123456-3','Gabriel López','gabriel.lopez@empresa.uvw','0789-0123',9,1,3,18),(69,'P00038','Laura Fernández','30-98765437-1','Laura Fernández','laura.fernandez@empresa.zom','8901-2345',1,2,2,38),(70,'P00100','Gabriela Morales','30-98765437-1','Gabriela Morales','gabriela.morales@empresa.zom','0123-4567',2,2,2,26),(71,'P00067','Estudio Jurídico S.A.','30-98765437-1','Estudio Jurídico','estudio.juridico@correo.com','7890-1234',2,1,1,1),(72,'P00092','Consultora Zeta','30-98765437-1','Consultora Zeta','consultora.zeta@empresa.zom','2345-6789',1,2,2,28),(73,'P00080','Consultora Beta SRL','30-98765437-1','Consultora Beta','consultora.beta@correo.zom','0123-4567',1,2,2,34),(74,'P00030','Constructora Beta','30-98765437-1','Ricardo Martínez','ricardo.martinez@empresa.zom','0123-4567',1,1,2,18),(75,'P00060','Roberto Pérez','30-98765437-1','Roberto Pérez','roberto.perez@correo.zom','0123-4567',3,2,2,42),(76,'P00073','Andrés García','30-98765437-1','Andrés García','andres.garcia@correo.zom','3456-7890',2,1,1,1),(77,'P00027','Compañía Zeta','30-98765437-1','Ana García','ana.garcia@empresa.com','7890-1234',1,1,1,20),(78,'P00075','Servicios Alpha S.A.','30-98765437-1','Servicios Alpha','servicios.alpha@correo.zom','5678-9012',1,1,1,38),(79,'P00033','Servicios & Co.','30-98765437-1','Gabriela Sánchez','gabriela.sanchez@correo.zom','3456-7890',1,2,1,4),(80,'P00094','Gabriela Martínez','30-98765437-1','Gabriela Martínez','gabriela.martinez@empresa.zom','4567-8901',3,2,2,28),(81,'P00079','Ana Morales','30-98765437-1','Ana Morales','ana.morales@correo.zom','9012-3456',3,1,4,38),(82,'P00072','Estudio Consultores','30-98765437-1','Estudio Consultores','estudio.consultores@empresa.zom','2345-6789',1,2,2,1),(83,'P00082','Gabriela Torres','30-98765437-1','Gabriela Torres','gabriela.torres@correo.com','2345-6789',1,2,2,1),(84,'P00054','Claudia Ruiz','30-98765437-1','Claudia Ruiz','claudia.ruiz@empresa.zom','4567-8901',2,2,2,15),(85,'P00043','Ricardo García','30-98765437-1','Ricardo García','ricardo.garcia@empresa.zom','3456-7890',3,2,1,1),(86,'P00049','Mariana García','30-98765437-1','Mariana García','mariana.garcia@correo.com','9012-3456',3,1,1,16),(87,'P00065','Servicios Beta','30-98765437-1','Laura Gómez','laura.gomez@empresa.zom','5678-9012',2,1,1,15),(88,'P00034','Empresas SRL','30-98765437-1','Ana López','ana.lopez@empresa.zom','4567-8901',2,1,2,14),(89,'P00099','Servicios Repuestos','30-98765437-1','Servicios Repuestos','servicios.repuestos@correo.com','9012-3456',1,1,1,2),(90,'P00057','Consultora Beta','30-98765437-1','Consultora Beta','consultora.beta@empresa.zom','7890-1234',3,1,1,37),(91,'P00055','Servicios Alpha','30-98765437-1','Servicios Alpha','servicios.alpha@correo.zom','5678-9012',1,1,1,14),(92,'P00097','Proveedora Consultora','30-98765437-1','Proveedora Consultora','proveedora.consultora@empresa.zom','7890-1234',1,1,4,15),(93,'P00085','Estudio Consultores','30-98765437-1','Estudio Consultores','estudio.consultores@correo.com','5678-9012',2,1,4,31),(94,'P00070','Mariana López','30-98765437-1','Mariana López','mariana.lopez@correo.zom','0123-4567',1,2,2,1),(95,'P00056','Repuestos S.A.','30-98765437-1','Roberto Díaz','roberto.diaz@correo.zom','6789-0123',2,2,2,2),(96,'P00083','Proveedora Gamma','30-98765437-1','Proveedora Gamma','proveedora.gamma@empresa.zom','3456-7890',2,1,1,22),(97,'P00074','Proveedora SRL','30-98765437-1','Proveedora SRL','proveedora.srl@correo.zom','4567-8901',3,2,2,41),(98,'P00037','Distribuciones AB','30-98765437-1','Gabriela Ruiz','gabriela.ruiz@correo.com','7890-1234',2,1,1,1),(99,'P00076','Repuestos Beta S.A.','30-98765437-1','Repuestos Beta','repuestos.beta@empresa.zom','6789-0123',1,2,2,1),(100,'P00095','Servicios Consultores','30-98765437-1','Servicios Consultores','servicios.consultores@correo.com','5678-9012',1,1,1,31),(101,'P00036','Consultora S.A.','30-98765437-1','Marcela Martínez','marcela.martinez@empresa.zom','6789-0123',1,1,2,37),(102,'P00068','Roberto Morales','30-98765437-1','Roberto Morales','roberto.morales@correo.zom','8901-2345',3,2,2,20),(103,'P00081','Estudio Jurídico Zeta','30-98765437-1','Estudio Jurídico','estudio.zeta@correo.zom','1234-5678',1,1,1,10),(104,'P00026','Carlos López','30-98765437-1','Carlos López','carlos.lopez@correo.com','6789-0123',2,2,2,1),(105,'P00086','Ana Gómez','30-98765437-1','Ana Gómez','ana.gomez@empresa.zom','6789-0123',1,2,2,26),(106,'P00044','Grupo Beta','30-98765437-1','María Rodríguez','maria.rodriguez@correo.zom','4567-8901',1,1,2,27),(107,'P00024','Mariana Rodríguez','30-98765437-1','Mariana Rodríguez','mariana.rodriguez@correo.zom','4567-8901',1,2,2,20),(108,'P00077','Javier Rodríguez','30-98765437-1','Javier Rodríguez','javier.rodriguez@correo.com','7890-1234',1,1,1,2),(109,'P00063','Grupo SRL','30-98765437-1','Grupo SRL','grupo.srl@empresa.zom','3456-7890',3,1,2,4),(110,'P00059','Proveedores SRL','30-98765437-1','Proveedores SRL','proveedores.srl@empresa.zom','9012-3456',1,1,2,10),(111,'P00045','Compañía Zeta','30-98765437-1','Gabriela Torres','gabriela.torres@empresa.com','5678-9012',2,2,1,4),(112,'P00020','Juegos del Norte','30-98765437-1','Pablo Fernández','pablo.fernandez@empresa.zom','0123-4567',2,1,2,26),(113,'P00021','Distribuciones ABC','30-98765437-1','Francisco Gómez','francisco.gomez@correo.zom','1234-5678',1,2,1,24),(114,'P00069','Proveedores Beta','30-98765437-1','Proveedores Beta','proveedores.beta@empresa.zom','9012-3456',1,1,1,40),(115,'P00087','Consultora Zeta SRL','30-98765437-1','Consultora Zeta','consultora.zeta@correo.zom','7890-1234',1,1,2,18),(116,'P00023','Inversiones Sigma','30-98765437-1','Carlos Jiménez','carlos.jimenez@empresa.com','3456-7890',1,1,1,18),(117,'P00019','Ana López','30-98765437-1','Ana López','ana.lopez@correo.com','9012-3456',1,1,1,38),(118,'P00093','Servicios Proveedores','30-98765437-1','Servicios Proveedores','servicios.proveedores@correo.zom','3456-7890',1,1,1,19),(119,'P00051','Gabriela Morales','30-98765437-1','Gabriela Morales','gabriela.morales@correo.zom','1234-5678',2,1,1,26),(120,'P00078','Servicios Gamma S.A.','30-98765437-1','Servicios Gamma','servicios.gamma@correo.zom','8901-2345',2,2,2,1),(121,'P00058','Alejandro Martínez','30-98765437-1','Alejandro Martínez','alejandro.martinez@correo.com','8901-2345',1,2,2,28),(122,'P00064','Consultora S.A.S.','30-98765437-1','Consultora S.A.S.','consultora@correo.com','4567-8901',1,2,2,42),(123,'P00040','Javier Martínez','30-98765437-1','Javier Martínez','javier.martinez@correo.com','0123-4567',2,1,2,26),(124,'P00061','Servicios Zeta S.A.','30-98765437-1','Servicios Zeta','servicios.zeta@empresa.com','1234-5678',1,1,1,30),(125,'P00052','Pedro Sánchez','30-98765437-1','Pedro Sánchez','pedro.sanchez@correo.zom','2345-6789',3,2,2,10),(126,'P00032','Repuestos Zeta','30-98765437-1','Roberto Ruiz','roberto.ruiz@empresa.zom','2345-6789',3,1,2,2),(127,'P00025','Servicios Delta','30-98765437-1','Sergio García','sergio.garcia@empresa.zom','5678-9012',3,1,1,1),(128,'P00098','Consultora Alpha','30-98765437-1','Consultora Alpha','consultora.alpha@correo.zom','8901-2345',2,2,2,24),(129,'P00066','Marta López','30-98765437-1','Marta López','marta.lopez@correo.zom','6789-0123',1,2,2,18),(130,'P00089','Mariana Morales','30-98765437-1','Mariana Morales','mariana.morales@correo.com','9012-3456',1,1,1,40),(131,'P00053','Estudio Jurídico Zeta','30-98765437-1','Estudio Jurídico','estudio.zeta@correo.com','3456-7890',1,1,1,12),(132,'P00022','Roberto Morales','30-98765437-1','Roberto Morales','roberto.morales@correo.com','2345-6789',3,1,2,39),(133,'P00050','Servicios Zeta','30-98765437-1','Servicios Zeta','servicios.zeta@empresa.zom','0123-4567',1,2,2,6),(134,'P00062','Ana Gómez','30-98765437-1','Ana Gómez','ana.gomez@correo.com','2345-6789',2,2,2,10),(135,'P00091','Pedro Morales','30-98765437-1','Pedro Morales','pedro.morales@correo.zom','1234-5678',3,1,1,4),(136,'P00096','Mariana Fernández','30-98765437-1','Mariana Fernández','mariana.fernandez@correo.com','6789-0123',2,2,2,25),(137,'P00039','Estudio Zeta','30-98765437-1','Estudio Zeta','estudio.zeta@correo.zom','9012-3456',3,1,1,22),(138,'P00084','Fernando Pérez','30-98765437-1','Fernando Pérez','fernando.perez@correo.zom','4567-8901',1,2,2,26),(139,'P00071','Servicios Gamma','30-98765437-1','Servicios Gamma','servicios.gamma@correo.zom','1234-5678',3,1,1,19),(140,'P00042','Gabriela López','30-98765437-1','Gabriela López','gabriela.lopez@correo.zom','2345-6789',2,1,2,32),(141,'P00046','Pedro Ruiz','30-98765437-1','Pedro Ruiz','pedro.ruiz@correo.com','6789-0123',3,1,2,1),(142,'P00031','María Gómez','30-98765437-1','María Gómez','maria.gomez@correo.zom','1234-5678',2,2,1,2),(143,'P00028','Andrés Martínez','30-98765437-1','Andrés Martínez','andres.martinez@correo.zom','8901-2345',2,1,2,25),(144,'P00035','Victor Pérez','30-98765437-1','Victor Pérez','victor.perez@correo.zom','5678-9012',1,2,1,39),(145,'P00041','Proveedora SRL','30-98765437-1','Proveedora SRL','proveedora.srl@empresa.zom','1234-5678',1,2,2,42),(146,'P00029','Grupo Omega','30-98765437-1','Laura Fernández','laura.fernandez@correo.com','9012-3456',1,2,1,25),(147,'P00047','Servicios SRL','30-98765437-1','Servicios SRL','servicios.srl@empresa.zom','7890-1234',1,1,2,23);
/*!40000 ALTER TABLE `proveedores` ENABLE KEYS */;
UNLOCK TABLES;

--
-- Table structure for table `razones_sociales`
--

DROP TABLE IF EXISTS `razones_sociales`;
/*!40101 SET @saved_cs_client     = @@character_set_client */;
/*!50503 SET character_set_client = utf8mb4 */;
CREATE TABLE `razones_sociales` (
  `id_razon` int NOT NULL AUTO_INCREMENT,
  `razon` varchar(100) NOT NULL,
  PRIMARY KEY (`id_razon`),
  UNIQUE KEY `razon` (`razon`)
) ENGINE=InnoDB AUTO_INCREMENT=10 DEFAULT CHARSET=utf8mb4 COLLATE=utf8mb4_0900_ai_ci;
/*!40101 SET character_set_client = @saved_cs_client */;

--
-- Dumping data for table `razones_sociales`
--

LOCK TABLES `razones_sociales` WRITE;
/*!40000 ALTER TABLE `razones_sociales` DISABLE KEYS */;
INSERT INTO `razones_sociales` VALUES (3,'Cooperativa'),(9,'GOB'),(8,'ONG'),(1,'S.A'),(4,'S.A.A'),(7,'S.A.S'),(2,'S.R.L');
/*!40000 ALTER TABLE `razones_sociales` ENABLE KEYS */;
UNLOCK TABLES;

--
-- Table structure for table `tipo_contribuyentes`
--

DROP TABLE IF EXISTS `tipo_contribuyentes`;
/*!40101 SET @saved_cs_client     = @@character_set_client */;
/*!50503 SET character_set_client = utf8mb4 */;
CREATE TABLE `tipo_contribuyentes` (
  `id_contribuyente` int NOT NULL AUTO_INCREMENT,
  `contribuyente` varchar(100) NOT NULL,
  PRIMARY KEY (`id_contribuyente`),
  UNIQUE KEY `contribuyente` (`contribuyente`)
) ENGINE=InnoDB AUTO_INCREMENT=6 DEFAULT CHARSET=utf8mb4 COLLATE=utf8mb4_0900_ai_ci;
/*!40101 SET character_set_client = @saved_cs_client */;

--
-- Dumping data for table `tipo_contribuyentes`
--

LOCK TABLES `tipo_contribuyentes` WRITE;
/*!40000 ALTER TABLE `tipo_contribuyentes` DISABLE KEYS */;
INSERT INTO `tipo_contribuyentes` VALUES (5,'Exento'),(2,'Monotributista'),(1,'Responsable Inscripto');
/*!40000 ALTER TABLE `tipo_contribuyentes` ENABLE KEYS */;
UNLOCK TABLES;

--
-- Table structure for table `tipo_donantes`
--

DROP TABLE IF EXISTS `tipo_donantes`;
/*!40101 SET @saved_cs_client     = @@character_set_client */;
/*!50503 SET character_set_client = utf8mb4 */;
CREATE TABLE `tipo_donantes` (
  `id_tipo` int NOT NULL AUTO_INCREMENT,
  `tipo` varchar(100) NOT NULL,
  PRIMARY KEY (`id_tipo`),
  UNIQUE KEY `tipo` (`tipo`)
) ENGINE=InnoDB AUTO_INCREMENT=8 DEFAULT CHARSET=utf8mb4 COLLATE=utf8mb4_0900_ai_ci;
/*!40101 SET character_set_client = @saved_cs_client */;

--
-- Dumping data for table `tipo_donantes`
--

LOCK TABLES `tipo_donantes` WRITE;
/*!40000 ALTER TABLE `tipo_donantes` DISABLE KEYS */;
INSERT INTO `tipo_donantes` VALUES (7,'Agroindustria'),(4,'Campaña'),(1,'Empresa'),(3,'Estado'),(2,'Individuo'),(5,'ONG'),(6,'Tecnología');
/*!40000 ALTER TABLE `tipo_donantes` ENABLE KEYS */;
UNLOCK TABLES;
/*!40103 SET TIME_ZONE=@OLD_TIME_ZONE */;

/*!40101 SET SQL_MODE=@OLD_SQL_MODE */;
/*!40014 SET FOREIGN_KEY_CHECKS=@OLD_FOREIGN_KEY_CHECKS */;
/*!40014 SET UNIQUE_CHECKS=@OLD_UNIQUE_CHECKS */;
/*!40101 SET CHARACTER_SET_CLIENT=@OLD_CHARACTER_SET_CLIENT */;
/*!40101 SET CHARACTER_SET_RESULTS=@OLD_CHARACTER_SET_RESULTS */;
/*!40101 SET COLLATION_CONNECTION=@OLD_COLLATION_CONNECTION */;
/*!40111 SET SQL_NOTES=@OLD_SQL_NOTES */;

-- Dump completed on 2024-11-11 21:57:17
